label,f0,f1,f2,f3,f4,f5,f6,f7,f8,f9,f10,f11,f12,f13,f14,f15,f16,f17,f18,f19,f20,f21,f22,f23
T_POSE,0.846588134765625,0.8914321660995483,2.1564719676971436,2.2211639881134033,0.6994283199310303,1.3005716800689697,1.6458542346954346,1.286315679550171,2.320828437805176,2.2313716411590576,1.2014919519424438,1.5586235523223877,2.9952855110168457,0.6929032802581787,1.906435251235962,1.534841537475586,0.9310402274131775,0.9771474599838257,1.1394494771957397,1.454046368598938,1.0522955656051636,1.1490073204040527,0.6115126609802246,0.3609733283519745
T_POSE,0.8157376646995544,0.688327431678772,2.540802240371704,2.358330726623535,1.0618348121643066,0.9381652474403381,1.774902582168579,1.9330695867538452,3.0334887504577637,2.906080484390259,1.6053086519241333,1.1607195138931274,3.1721439361572266,0.9699345231056213,2.3629612922668457,1.5097583532333374,1.2755800485610962,1.0599092245101929,1.1886215209960938,1.726001262664795,1.5991108417510986,1.4504165649414062,0.5565482378005981,0.7267506718635559
T_POSE,0.94772869348526,0.691104531288147,2.034950017929077,1.9202560186386108,0.6974077224731445,1.3025922775268555,1.4377809762954712,1.2635655403137207,2.41361927986145,2.405547618865967,1.297210454940796,1.6714011430740356,2.705988645553589,0.7927541136741638,1.5331778526306152,1.6281110048294067,1.0499640703201294,1.1612505912780762,0.8915867805480957,1.3220677375793457,1.2333952188491821,1.302910566329956,0.7152306437492371,0.3306176960468292
T_POSE,0.6250994205474854,0.5951154828071594,1.6105835437774658,1.6862878799438477,0.9404101371765137,1.0595898628234863,0.8844846487045288,0.8903688192367554,1.6249021291732788,2.0389955043792725,1.4364322423934937,1.4331512451171875,2.199662446975708,0.7393651604652405,0.9960584044456482,1.3024005889892578,0.7579403519630432,1.152561068534851,0.4909360408782959,1.104334831237793,1.274830937385559,0.940708577632904,0.5063154101371765,0.2706237733364105
T_POSE,0.6365941166877747,0.9698361754417419,1.5026944875717163,1.8541306257247925,0.8503992557525635,1.1496007442474365,0.9283113479614258,0.9995957612991333,2.0551910400390625,2.0511436462402344,1.1107280254364014,1.6727476119995117,2.461963415145874,0.9056844711303711,1.3335076570510864,1.5353615283966064,1.1486780643463135,1.1646405458450317,0.6709264516830444,0.9132453203201294,1.1323771476745605,1.4594889879226685,0.609272837638855,0.6586097478866577
T_POSE,0.870101273059845,0.7521125078201294,1.594215989112854,1.5206725597381592,1.1310700178146362,0.8689300417900085,1.180455207824707,1.1694250106811523,1.867103099822998,2.195542097091675,1.1053122282028198,1.1490521430969238,2.338843822479248,0.8257360458374023,1.5709913969039917,1.2457809448242188,0.69081050157547,1.1057380437850952,0.9215931296348572,0.7707111239433289,0.9985201358795166,1.1250338554382324,0.41261348128318787,0.6902908682823181
T_POSE,0.607437252998352,0.5591862797737122,1.4672707319259644,1.4407644271850586,0.8786689639091492,1.1213310956954956,1.147260308265686,0.8532459735870361,1.7918354272842407,1.5500459671020508,1.1516627073287964,1.2278242111206055,1.9919229745864868,0.6056785583496094,1.2355825901031494,1.1165965795516968,0.6610903143882751,0.7241601943969727,0.6220721006393433,0.9646947383880615,0.933247983455658,1.0115054845809937,0.31017693877220154,0.470500648021698
T_POSE,0.8660169243812561,0.6795492172241211,1.9972081184387207,1.8003056049346924,1.109724998474121,0.8902751207351685,0.7650008201599121,1.1396747827529907,1.8078373670578003,1.9251047372817993,1.4073834419250488,1.1405377388000488,2.6281850337982178,0.831116259098053,1.7877919673919678,1.2272567749023438,1.101077675819397,0.7972825765609741,0.6141766905784607,1.1452594995498657,1.349774718284607,0.9239108562469482,0.35303375124931335,0.4828345775604248
T_POSE,0.979546070098877,0.666414201259613,1.9695743322372437,1.6412949562072754,1.034423589706421,0.9655764102935791,1.4308066368103027,1.4467203617095947,2.2866461277008057,2.310112237930298,1.174401879310608,1.292258620262146,2.616654872894287,0.8076779246330261,1.4335912466049194,1.4782243967056274,0.8634634613990784,0.9522167444229126,1.2112910747528076,0.9928079843521118,1.144339919090271,0.960969865322113,0.8755919337272644,0.15968836843967438
T_POSE,0.9159183502197266,0.700390100479126,1.7701877355575562,1.5035208463668823,1.049512267112732,0.9504876732826233,1.0386435985565186,0.9501194357872009,1.9744162559509277,1.7067466974258423,1.3490830659866333,1.189837098121643,2.38014554977417,0.5569121241569519,1.3519999980926514,1.2083344459533691,0.9469842314720154,0.7675352692604065,0.6072249412536621,0.9006591439247131,0.9041450023651123,0.9943289160728455,0.301320344209671,0.28141164779663086
T_POSE,0.3456546366214752,0.46785515546798706,1.4809550046920776,1.5746095180511475,0.756859540939331,1.243140459060669,0.8551217317581177,0.6972956657409668,1.9024922847747803,1.4102522134780884,0.9321038126945496,1.4515997171401978,1.9144470691680908,0.5305288434028625,1.2020046710968018,1.0631704330444336,1.0595269203186035,0.8795872926712036,0.898881196975708,1.1417055130004883,0.7279871702194214,1.1849726438522339,0.06218387931585312,0.4581103026866913
T_POSE,1.0108742713928223,0.6904352307319641,1.8559932708740234,1.552459478378296,1.11247718334198,0.88752281665802,0.9079143404960632,1.144554615020752,1.7094557285308838,1.9665769338607788,1.4990333318710327,1.4576125144958496,2.4916024208068848,0.7350482940673828,1.6430386304855347,1.0985394716262817,0.8556275963783264,0.8291758894920349,0.5397744178771973,0.8924278020858765,1.3700488805770874,1.4012490510940552,0.5791890621185303,0.6409066915512085
T_POSE,0.5346400141716003,0.6671433448791504,1.688742756843567,1.8451486825942993,1.0662312507629395,0.9337687492370605,1.04850435256958,1.1755454540252686,1.9142605066299438,2.0201878547668457,1.2945775985717773,1.2859596014022827,2.3413901329040527,1.1601452827453613,1.2978023290634155,1.556103229522705,0.8838033080101013,1.1049250364303589,0.5977993607521057,1.1823476552963257,1.1217085123062134,1.1791073083877563,0.2899004817008972,0.3514103293418884
T_POSE,0.8882941603660583,0.8675901889801025,1.8311800956726074,1.7247675657272339,1.1666064262390137,0.8333935737609863,1.2722986936569214,1.1969244480133057,1.848312497138977,2.13110613822937,1.678662896156311,1.4909329414367676,2.52020001411438,0.5951583385467529,1.7772736549377441,1.0593311786651611,0.5936610698699951,0.979066789150238,0.462092787027359,1.0069993734359741,1.302858829498291,1.0928181409835815,0.40198051929473877,0.6434999108314514
T_POSE,1.0527725219726562,0.7053951621055603,1.8338406085968018,1.4487031698226929,1.0735443830490112,0.9264556765556335,0.7117891311645508,1.2283984422683716,1.6416095495224,1.8382303714752197,1.6261367797851562,1.2370226383209229,2.4857118129730225,0.5616275072097778,1.2223894596099854,1.3405752182006836,0.9957753419876099,0.6211552619934082,0.6753436923027039,0.8190483450889587,1.0996869802474976,0.8487951159477234,0.38431891798973083,0.29283711314201355
T_POSE,0.8858464956283569,0.8493121266365051,1.7378034591674805,1.7215436697006226,0.984661340713501,1.0153387784957886,0.9952871203422546,0.8538108468055725,2.0612778663635254,2.103076219558716,1.3625737428665161,1.2789764404296875,2.578483819961548,0.941113293170929,1.5889410972595215,1.4190727472305298,1.0761712789535522,1.3035348653793335,0.8411082029342651,0.9127976298332214,1.0716700553894043,1.510754942893982,0.31900542974472046,0.5989126563072205
T_POSE,0.9701624512672424,0.8784022331237793,1.700518250465393,1.6553598642349243,1.202311396598816,0.7976886630058289,1.0591260194778442,1.2972640991210938,2.1558384895324707,2.2525153160095215,1.4999924898147583,1.0454362630844116,2.5751638412475586,0.47924184799194336,1.3648004531860352,1.6742303371429443,1.119784951210022,0.9648969173431396,0.7373949289321899,0.7948616147041321,1.5451505184173584,0.9604921936988831,0.5619543194770813,0.512877881526947
T_POSE,0.5312286615371704,0.42441326379776,1.4605315923690796,1.4080580472946167,0.9889864325523376,1.0110136270523071,0.7626828551292419,0.744952917098999,1.5815165042877197,1.4821683168411255,1.0234750509262085,1.0531470775604248,1.8728911876678467,0.7608920931816101,0.8374768495559692,1.1236836910247803,0.9584072828292847,0.7416087985038757,0.7397801876068115,0.9881224036216736,1.0443146228790283,0.8693633675575256,0.40765538811683655,0.2731319069862366
T_POSE,0.6871662139892578,0.5579879283905029,1.5562763214111328,1.3810944557189941,0.9295971393585205,1.0704028606414795,0.8140878081321716,0.689248263835907,1.70233952999115,1.5880241394042969,1.2154737710952759,1.1325230598449707,2.057098627090454,0.8856241106987,1.2225489616394043,1.159781813621521,0.945724368095398,0.9050824642181396,0.5331400036811829,0.8901350498199463,1.2169189453125,1.0709651708602905,0.3190650939941406,0.47376328706741333
T_POSE,1.0234495401382446,0.8354418873786926,1.8987869024276733,1.7418333292007446,1.0954411029815674,0.9045590162277222,1.219602108001709,1.2994954586029053,2.482228994369507,2.425487756729126,1.2218902111053467,1.292065143585205,2.7120981216430664,1.1206084489822388,1.8016331195831299,1.5197192430496216,1.2627824544906616,1.1782045364379883,0.801536500453949,0.9102553129196167,1.2396447658538818,1.188589334487915,0.5352389216423035,0.5097236037254333
T_POSE,0.689874529838562,0.5629857778549194,1.5446213483810425,1.454492449760437,0.7692676782608032,1.2307324409484863,1.0153121948242188,0.918177604675293,1.5290740728378296,1.6074734926223755,1.2382586002349854,1.5657830238342285,2.0600476264953613,0.8418866395950317,1.2917265892028809,1.1364903450012207,0.5766084790229797,0.791186511516571,0.2950519323348999,0.9096532464027405,1.199567198753357,1.1896084547042847,0.46520519256591797,0.07792653888463974
T_POSE,0.7982211112976074,0.8444387316703796,1.7396979331970215,1.7852599620819092,1.0601987838745117,0.9398012161254883,0.6808963418006897,0.7099636793136597,1.894910454750061,1.9383317232131958,1.263370156288147,1.2973508834838867,2.555981397628784,0.8218159675598145,1.564131259918213,1.3162310123443604,1.2166748046875,1.2743629217147827,0.9936941862106323,1.0134294033050537,0.9910762310028076,1.0265626907348633,0.5504629015922546,0.360178679227829
T_POSE,0.7092527747154236,0.5021481513977051,1.6079856157302856,1.4169443845748901,1.0675036907196045,0.9324963092803955,0.8690732717514038,0.8014240264892578,1.7822500467300415,1.6135019063949585,1.3547444343566895,0.9435710906982422,2.076601505279541,0.5411998629570007,1.1098051071166992,1.105420708656311,0.9267383813858032,0.826945424079895,0.43887123465538025,0.9305242896080017,1.067490816116333,0.9709126949310303,0.3986808657646179,0.3117524981498718
T_POSE,0.6443447470664978,0.7439443469047546,1.7327524423599243,1.849217414855957,0.795774519443512,1.2042255401611328,1.3521560430526733,0.9109411239624023,2.224905014038086,2.0328798294067383,1.093941330909729,1.4865535497665405,2.4651832580566406,0.6511239409446716,1.2079790830612183,1.5109939575195312,0.9135292172431946,1.1253918409347534,0.8789774179458618,1.1179157495498657,0.7834010124206543,1.172287106513977,0.3649308383464813,0.4489377439022064
T_POSE,0.47668537497520447,0.5970621705055237,1.3814853429794312,1.497470498085022,0.9990143179893494,1.0009855031967163,0.6493691205978394,0.6135190725326538,1.5258327722549438,1.5663042068481445,1.2505556344985962,1.055290699005127,1.9678369760513306,0.71091228723526,0.9056830406188965,1.158464789390564,0.9132768511772156,1.0071467161178589,0.7888196110725403,0.9204605221748352,1.153745174407959,0.9647729396820068,0.3996472954750061,0.4215329885482788
T_POSE,0.6865875124931335,0.6296954154968262,1.6515735387802124,1.6476051807403564,0.9781143665313721,1.021885633468628,0.7502791285514832,0.8821974396705627,1.6403371095657349,1.508064866065979,1.261679768562317,1.2505649328231812,2.2376136779785156,0.5104982256889343,1.259353756904602,1.1457732915878296,0.9037473797798157,0.6653754711151123,0.6923728585243225,1.031481146812439,1.1828330755233765,1.0660080909729004,0.39620497822761536,0.41558241844177246
T_POSE,0.7780218720436096,0.8183836340904236,2.0338473320007324,2.061826467514038,0.8109806776046753,1.1890193223953247,1.435225248336792,1.1350352764129639,2.7969062328338623,2.4567253589630127,1.4124059677124023,1.5604054927825928,2.7360475063323975,1.2291500568389893,1.3189388513565063,1.5875409841537476,1.4299774169921875,1.400254487991333,0.7189654111862183,1.3159220218658447,1.2114753723144531,1.437970519065857,0.5126923322677612,0.47113314270973206
T_POSE,0.9798963069915771,0.7751076221466064,1.8674407005310059,1.6591284275054932,0.9072628021240234,1.0927373170852661,0.9495839476585388,1.2117252349853516,2.233917713165283,2.2036807537078857,1.4572054147720337,1.4529023170471191,2.6102685928344727,0.8119120597839355,1.3868515491485596,1.4950097799301147,1.2962459325790405,1.020303726196289,0.4584127366542816,0.9065145254135132,1.0894873142242432,1.5320910215377808,0.404570609331131,0.6207304000854492
T_POSE,0.43667155504226685,0.35438066720962524,1.4405440092086792,1.3366771936416626,1.020450234413147,0.9795497059822083,0.8171948790550232,0.6983450651168823,1.4326895475387573,1.4946985244750977,1.2636185884475708,0.9606553316116333,1.7703096866607666,0.5342772006988525,0.9491382837295532,1.0689971446990967,0.6182881593704224,0.8273608684539795,0.43218034505844116,1.0057529211044312,1.0998810529708862,0.8333172798156738,0.1584044247865677,0.22510048747062683
T_POSE,0.8150810599327087,0.9737029671669006,1.6025151014328003,1.7432981729507446,0.9534863829612732,1.046513557434082,0.9412000179290771,0.9256708025932312,2.0445048809051514,1.8160605430603027,1.1207125186920166,1.2422175407409668,2.550581932067871,0.5740941166877747,1.648861289024353,1.0621263980865479,1.209483027458191,0.9008733034133911,0.9885007739067078,0.7882348299026489,0.7975475192070007,1.3252630233764648,0.33588144183158875,0.6137128472328186
T_POSE,0.6203692555427551,0.7063499093055725,1.302260398864746,1.3796921968460083,1.0401946306228638,0.9598053097724915,0.6169113516807556,0.9923283457756042,1.5837459564208984,1.7164345979690552,1.194990634918213,1.3590755462646484,1.991654634475708,1.0124046802520752,0.9995700120925903,1.0135971307754517,0.9681845903396606,0.8011893033981323,0.626469075679779,0.6953532695770264,1.004478931427002,1.0296748876571655,0.32520031929016113,0.45417094230651855
T_POSE,1.2062808275222778,0.5996624827384949,1.913500428199768,1.296748161315918,0.9178487062454224,1.0821514129638672,0.813795268535614,0.9406457543373108,1.6339261531829834,1.6042791604995728,1.300608515739441,1.2082090377807617,2.4939956665039062,0.8326601386070251,1.4643168449401855,1.2857263088226318,0.8532561659812927,0.7660626173019409,0.776314914226532,0.7171939611434937,0.9535244107246399,1.0525341033935547,0.6286271214485168,0.16348886489868164
T_POSE,0.8847362399101257,0.9014400839805603,1.9228947162628174,1.9363609552383423,1.0723217725753784,0.9276781678199768,1.1370258331298828,1.282082438468933,2.0133469104766846,2.2271742820739746,1.448028802871704,1.3558099269866943,2.817971706390381,0.8571591973304749,1.4596232175827026,1.6237128973007202,0.9263017773628235,0.9460616111755371,0.9304710030555725,1.047434687614441,1.1217396259307861,0.9725425243377686,0.5766624212265015,0.38468682765960693
T_POSE,0.6756182909011841,0.839673638343811,1.7863554954528809,1.9927794933319092,1.078900694847107,0.9210993051528931,1.391964077949524,1.4236482381820679,2.1640985012054443,2.312542676925659,1.1531493663787842,1.3473339080810547,2.6008851528167725,1.101463794708252,1.7045338153839111,1.3801045417785645,0.8130224943161011,0.9495375156402588,0.789071798324585,1.1914043426513672,0.8645308017730713,0.9525661468505859,0.3940388858318329,0.13273082673549652
T_POSE,0.9303261637687683,0.7210143804550171,1.8246113061904907,1.664306640625,0.8371645212173462,1.1628353595733643,0.9658040404319763,0.7288913726806641,1.8688052892684937,1.537724256515503,0.9963194727897644,1.352175235748291,2.508845090866089,0.4177972972393036,1.577576756477356,1.3894975185394287,1.002776026725769,0.8605791330337524,0.9465104937553406,0.9584128260612488,0.8334230184555054,1.151926875114441,0.412773460149765,0.47088420391082764
T_POSE,0.8900574445724487,0.7042026519775391,1.567301869392395,1.4750486612319946,1.192749261856079,0.8072508573532104,0.7772908806800842,1.0808649063110352,1.5453294515609741,1.9185891151428223,1.0465574264526367,1.2163159847259521,2.2502784729003906,0.5757142305374146,1.0940189361572266,1.350236177444458,0.8562842011451721,0.865441083908081,0.6086334586143494,0.8080273270606995,1.1962299346923828,1.1249573230743408,0.6775927543640137,0.478059321641922
T_POSE,1.2267166376113892,1.1849786043167114,2.284775733947754,2.1084094047546387,1.1809107065200806,0.8190891742706299,1.2683573961257935,1.4215600490570068,2.6365768909454346,2.6976726055145264,1.6460071802139282,1.5878010988235474,3.328904628753662,0.8979485034942627,2.20367169380188,1.5967724323272705,1.40446138381958,1.343778371810913,1.251159429550171,1.0853309631347656,1.2902382612228394,1.215592861175537,0.4055097699165344,0.7202268838882446
T_POSE,0.7332992553710938,0.4454406201839447,1.8664275407791138,1.573143482208252,0.9934790730476379,1.0065208673477173,0.9252201914787292,1.1261661052703857,1.9615250825881958,1.8766236305236816,1.4030925035476685,1.2493548393249512,2.2987074851989746,1.035430669784546,1.4807521104812622,1.1851836442947388,1.217189073562622,0.7809411287307739,0.531245231628418,1.147378921508789,1.283983826637268,1.121890902519226,0.46660315990448,0.18737709522247314
T_POSE,0.7738372087478638,0.8215205669403076,1.7371487617492676,1.926294207572937,0.8251824975013733,1.174817442893982,1.050102949142456,1.064483404159546,2.029999256134033,1.9056763648986816,1.4282574653625488,1.2964943647384644,2.5495219230651855,0.9837605953216553,1.300427794456482,1.3959779739379883,0.980980634689331,0.9719763398170471,1.1515551805496216,1.113851547241211,1.1081839799880981,0.8984851837158203,0.43720000982284546,0.44370925426483154
T_POSE,0.6479931473731995,0.6884310245513916,1.241396427154541,1.3736038208007812,1.1566544771194458,0.8433455228805542,0.7589748501777649,0.9933211803436279,1.5239028930664062,1.6307435035705566,1.0514401197433472,1.0343658924102783,1.9007527828216553,0.47162163257598877,1.1077197790145874,1.115700125694275,0.7969602346420288,0.6509289741516113,0.5320903658866882,0.6914966106414795,1.0559719800949097,0.6723580360412598,0.5645493865013123,0.3890496492385864
T_POSE,0.7297906279563904,0.5619874596595764,1.7616053819656372,1.6580615043640137,0.9261087775230408,1.073891282081604,1.0840588808059692,1.07430100440979,1.963068962097168,1.7531729936599731,0.9926208257675171,1.3000987768173218,2.3120837211608887,0.7844594120979309,1.2328970432281494,1.4574936628341675,0.9102305769920349,0.6807789206504822,0.7468410134315491,1.1013495922088623,0.910464346408844,1.2510063648223877,0.22695879638195038,0.2546007037162781
T_POSE,0.5942184925079346,0.5838190913200378,1.341569423675537,1.3345282077789307,0.891204833984375,1.108795166015625,0.6487284898757935,0.6107100248336792,1.3366122245788574,1.238115906715393,1.1448854207992554,1.2534096240997314,1.8832051753997803,0.44347837567329407,0.9776100516319275,1.1082171201705933,0.7281455993652344,0.6886914968490601,0.5325642824172974,0.7680798768997192,0.9530583620071411,1.1913690567016602,0.30253487825393677,0.39442530274391174
T_POSE,0.7517436146736145,0.8295097351074219,1.6856647729873657,1.7639329433441162,0.911957859992981,1.088042140007019,1.1430996656417847,1.015187382698059,1.9768552780151367,1.994107961654663,1.1295706033706665,1.4142626523971558,2.5105271339416504,0.8463689088821411,1.4468671083450317,1.6647034883499146,0.8553950190544128,1.0118191242218018,0.9546728730201721,0.9471921324729919,1.1009758710861206,1.1855391263961792,0.6559510827064514,0.3288481533527374
T_POSE,0.7879922986030579,0.7905756831169128,1.786420226097107,1.7017936706542969,0.9983845353126526,1.0016155242919922,0.8822622299194336,0.6900050044059753,1.9115527868270874,1.749916434288025,1.486262321472168,1.3483906984329224,2.486285448074341,0.7155506014823914,1.600555181503296,1.1737099885940552,1.0424213409423828,1.0835038423538208,0.5683884620666504,1.0230110883712769,1.088653564453125,1.1023669242858887,0.3312109112739563,0.43805640935897827
T_POSE,0.7954427003860474,1.259928584098816,1.8862192630767822,2.3563480377197266,1.1093966960906982,0.8906033635139465,1.140811562538147,1.1872351169586182,2.331638813018799,2.5993854999542236,1.3021597862243652,1.6688449382781982,3.1361982822418213,0.8020185232162476,1.8884543180465698,1.749685525894165,1.2578409910202026,1.4824131727218628,0.8957715034484863,1.1155998706817627,1.1199389696121216,1.3439722061157227,0.41044265031814575,0.7385730743408203
T_POSE,0.6514049768447876,0.6483209133148193,2.0372402667999268,2.133913278579712,0.9248550534248352,1.07514488697052,1.2145661115646362,1.0503708124160767,2.2392120361328125,2.268251657485962,1.545580267906189,1.440051794052124,2.6687610149383545,0.5769725441932678,1.5030285120010376,1.4667723178863525,1.0602494478225708,1.2660731077194214,0.6777937412261963,1.4965174198150635,1.3296667337417603,1.1791521310806274,0.47544053196907043,0.26716095209121704
T_POSE,1.1334608793258667,1.221863031387329,1.9724876880645752,2.0507681369781494,0.9166358709335327,1.0833641290664673,1.1095879077911377,1.568833351135254,2.4238715171813965,2.361112117767334,1.5191847085952759,1.2675645351409912,3.1772541999816895,1.4441616535186768,1.7542139291763306,1.9699748754501343,1.441757082939148,0.8165593147277832,1.2205642461776733,0.8576003909111023,1.0913162231445312,1.215571403503418,0.6528956294059753,0.5266105532646179
T_POSE,1.0881304740905762,1.0940443277359009,1.8946555852890015,1.8980756998062134,0.8796083331108093,1.120391607284546,1.1165539026260376,0.9114264845848083,2.291741132736206,1.8550114631652832,1.3698512315750122,1.6383861303329468,2.967611312866211,0.734930694103241,1.5138003826141357,1.6783215999603271,1.2259838581085205,1.0107628107070923,0.9082479476928711,0.8174120783805847,1.3929733037948608,1.3258765935897827,0.7003239393234253,0.7406991124153137
T_POSE,0.7028228640556335,0.5917331576347351,1.3652311563491821,1.3742705583572388,1.0221863985061646,0.9778136610984802,0.6101620197296143,0.7407406568527222,1.6467183828353882,1.3593854904174805,0.9548746347427368,1.3000752925872803,1.9285500049591064,0.5116199851036072,1.14240300655365,0.9266390800476074,1.0543041229248047,0.6508496403694153,0.6291179656982422,0.8085306882858276,0.7136423587799072,0.9465782046318054,0.31776484847068787,0.33483046293258667
T_POSE,1.0207045078277588,0.9929019212722778,2.2511351108551025,2.08180832862854,1.343000888824463,0.6569991111755371,1.3852618932724,1.4677441120147705,2.586643934249878,2.398831367492676,1.5860716104507446,1.5159192085266113,3.0765979290008545,0.501895546913147,1.6291598081588745,1.7387241125106812,1.2629005908966064,0.9789460301399231,0.8579666614532471,1.3608895540237427,1.2898305654525757,1.2147127389907837,0.5279651880264282,0.6629748344421387
T_POSE,0.8196585178375244,0.6909154057502747,1.8882993459701538,1.7852879762649536,1.0519804954528809,0.9480194449424744,0.90266352891922,1.2511804103851318,1.9815073013305664,1.6994575262069702,1.313419222831726,1.2526558637619019,2.5738918781280518,0.7984265685081482,1.4491732120513916,1.6399903297424316,1.1796756982803345,0.7396305203437805,0.6538746953010559,1.094596266746521,1.2911925315856934,1.1963591575622559,0.529600203037262,0.2892618477344513
T_POSE,0.9118433594703674,0.7416622638702393,1.828551173210144,1.5676065683364868,0.9620559811592102,1.0379440784454346,0.9567769169807434,1.1384268999099731,1.8673450946807861,2.1175761222839355,1.3656303882598877,0.9712345600128174,2.4777536392211914,1.1752545833587646,1.5470266342163086,1.3106423616409302,1.111283779144287,1.1994940042495728,0.8923484683036804,0.9314465522766113,0.8769276738166809,0.8645568490028381,0.3639170825481415,0.4734337329864502
T_POSE,0.36356592178344727,0.5696395039558411,1.4067480564117432,1.6043599843978882,0.9452309608459473,1.0547689199447632,0.944567859172821,0.8951261043548584,1.5380455255508423,1.7502158880233765,1.0696200132369995,1.2515251636505127,1.9670460224151611,0.49047625064849854,0.7594853639602661,1.4010865688323975,0.6686287522315979,0.872316837310791,0.6718858480453491,1.0460622310638428,0.9842004179954529,1.1223256587982178,0.312966525554657,0.5349115133285522
T_POSE,0.6318663954734802,0.7623068690299988,1.3545762300491333,1.580155611038208,1.000686764717102,0.9993131160736084,0.8031949996948242,1.225592017173767,2.1067020893096924,1.9030792713165283,1.564574122428894,1.281931757926941,2.1128733158111572,0.7145060896873474,0.9720035195350647,1.219745397567749,1.3145465850830078,0.8705589175224304,0.42937543988227844,0.8271819949150085,1.231037974357605,0.9847301840782166,0.5115272402763367,0.31106477975845337
T_POSE,1.001470685005188,1.1486321687698364,1.850526213645935,1.9821656942367554,0.8635445237159729,1.1364554166793823,1.2250436544418335,1.1852374076843262,2.168729305267334,1.8406848907470703,1.773468255996704,1.6204032897949219,2.8807268142700195,0.8924190998077393,1.3702753782272339,1.5585734844207764,0.9554389715194702,0.7318012118339539,0.31370842456817627,0.9919112324714661,1.2553192377090454,1.3173750638961792,0.4743584096431732,0.5855787396430969
T_POSE,0.6045756936073303,0.8509521484375,1.721099615097046,1.9420143365859985,0.9387145042419434,1.061285376548767,1.3398830890655518,1.1338989734649658,2.0950424671173096,1.8960434198379517,1.286336898803711,1.263493537902832,2.5287489891052246,0.6412780284881592,1.3643072843551636,1.650147557258606,0.7999716997146606,0.7712739109992981,0.6445053815841675,1.1387938261032104,1.1715867519378662,1.293526291847229,0.30292996764183044,0.375410795211792
T_POSE,0.863307535648346,0.7472706437110901,1.5018943548202515,1.4556884765625,0.9526466131210327,1.0473533868789673,1.0426284074783325,0.7492067217826843,1.9081149101257324,1.7272430658340454,1.3227109909057617,1.2157821655273438,2.2477760314941406,0.663792073726654,1.2076046466827393,1.3978993892669678,0.896267294883728,1.0048553943634033,0.559424102306366,0.7400844693183899,1.0500644445419312,1.101448893547058,0.4810994565486908,0.40891996026039124
T_POSE,0.9606894254684448,0.7261667847633362,1.9960522651672363,1.6064121723175049,1.1653605699539185,0.8346394896507263,0.925983726978302,1.2098830938339233,2.191102981567383,2.0124335289001465,1.5112203359603882,1.4003595113754272,2.5635130405426025,0.739006519317627,1.5952509641647339,1.0523337125778198,1.2720714807510376,0.8704109787940979,1.0181982517242432,1.0516241788864136,1.008849859237671,0.8588600158691406,0.38977107405662537,0.19114813208580017
T_POSE,0.9184826612472534,0.9075279831886292,1.7482830286026,1.6786174774169922,0.9016074538230896,1.0983926057815552,1.1700619459152222,0.8718478679656982,1.9929932355880737,1.8277003765106201,1.3247357606887817,1.0879545211791992,2.5699028968811035,0.6288391947746277,1.5650856494903564,1.5433100461959839,0.8355667591094971,1.0089781284332275,0.8643432855606079,0.8335500359535217,1.320411205291748,0.9554706811904907,0.6660441160202026,0.34293681383132935
T_POSE,0.9939071536064148,0.9193854928016663,1.931368350982666,1.8826215267181396,0.9443440437316895,1.0556559562683105,1.1774433851242065,1.1117939949035645,2.15421462059021,2.041875123977661,1.2988405227661133,1.4556710720062256,2.84516978263855,0.7899872660636902,2.011630058288574,1.2861238718032837,1.0170170068740845,0.9620799422264099,0.9569919109344482,0.9975985288619995,1.1398266553878784,1.1136274337768555,0.46192672848701477,0.5809589624404907
T_POSE,1.0498497486114502,0.5392290949821472,1.9079586267471313,1.4982658624649048,0.7996282577514648,1.2003718614578247,1.0054882764816284,1.1262743473052979,2.1395628452301025,2.181546211242676,1.2905476093292236,1.4585325717926025,2.444852828979492,0.5636548399925232,1.46768057346344,1.4921042919158936,1.1446603536605835,1.213175654411316,0.7007772326469421,0.9986651539802551,1.0329337120056152,1.2155554294586182,0.5398917198181152,0.18604975938796997
T_POSE,0.7198220491409302,0.7639108896255493,1.4808595180511475,1.474265694618225,0.8287814259529114,1.1712186336517334,0.8090434074401855,0.6819185614585876,1.6350117921829224,1.550176978111267,1.0633114576339722,1.3636285066604614,2.190096616744995,0.47912806272506714,1.1637601852416992,1.2600328922271729,0.9588307738304138,0.9442634582519531,0.6167357563972473,0.7922725677490234,1.0140396356582642,1.216531753540039,0.6135149598121643,0.294773131608963
T_POSE,0.5755232572555542,0.589975118637085,1.5144189596176147,1.5276036262512207,1.1565355062484741,0.8434645533561707,0.7233461737632751,0.7763757109642029,1.5248210430145264,1.704402208328247,1.0647594928741455,1.1384985446929932,2.0358567237854004,0.6708202362060547,1.2209696769714355,1.1681089401245117,0.9057857990264893,0.9740891456604004,0.8232126235961914,1.0331580638885498,0.9741390943527222,1.0342391729354858,0.3887454569339752,0.44363468885421753
T_POSE,0.823839008808136,0.5005121231079102,1.9551385641098022,1.6103094816207886,0.8646765947341919,1.135323405265808,1.3221461772918701,0.8436980843544006,2.1919751167297363,1.5639581680297852,1.0023406744003296,1.3363656997680664,2.388542652130127,0.5588005185127258,1.365630030632019,1.4203541278839111,0.8815470933914185,0.7664013504981995,0.9217995405197144,1.1570683717727661,0.7898229956626892,1.0978604555130005,0.36859065294265747,0.13970868289470673
T_POSE,0.7235650420188904,0.6058514714241028,1.8115299940109253,1.640926718711853,1.103258728981018,0.8967412710189819,1.2643729448318481,1.2868809700012207,2.4955012798309326,2.3667922019958496,1.4335521459579468,1.158825397491455,2.3619542121887207,0.9893666505813599,1.3814210891723633,1.2269421815872192,1.2365037202835083,1.0926605463027954,0.8584631681442261,1.1013258695602417,1.0687516927719116,1.1181986331939697,0.31139230728149414,0.5117697715759277
T_POSE,0.7320608496665955,0.8886873126029968,1.5139178037643433,1.6638163328170776,0.9297991991043091,1.070200800895691,1.154464840888977,1.0500885248184204,2.030670166015625,1.6682459115982056,1.126448154449463,1.080594539642334,2.3472015857696533,0.7705644965171814,1.4542242288589478,1.293599009513855,0.9906742572784424,0.6612529158592224,0.8243085145950317,0.8010552525520325,1.0347806215286255,1.0813547372817993,0.4172426164150238,0.6862937211990356
T_POSE,0.6710108518600464,0.6666513085365295,1.5942871570587158,1.5937288999557495,0.9129905104637146,1.0870094299316406,0.8793156147003174,0.8519611358642578,1.9487924575805664,1.718085765838623,1.123335361480713,1.2798552513122559,2.232466459274292,0.49296867847442627,1.636162519454956,0.9714404940605164,1.0853875875473022,0.8852355480194092,0.703612208366394,0.9698600172996521,0.8217309713363647,1.0849859714508057,0.1902395486831665,0.4134099781513214
T_POSE,0.3404640853404999,0.9029319286346436,1.5095715522766113,2.100613594055176,0.9134585857391357,1.0865415334701538,1.017303228378296,0.9675239324569702,1.916057825088501,2.083588123321533,1.105267882347107,1.5022934675216675,2.4001872539520264,0.38675278425216675,1.3994048833847046,1.3476275205612183,0.9909308552742004,1.1811366081237793,0.8264332413673401,1.226030945777893,1.1043227910995483,1.2107077836990356,0.24084076285362244,0.510970413684845
T_POSE,0.870208203792572,0.5618488192558289,1.7929461002349854,1.5709657669067383,0.930342972278595,1.0696570873260498,0.9464179873466492,0.913404107093811,1.964200496673584,2.1602399349212646,1.4752733707427979,1.1771152019500732,2.3533871173858643,0.9752638936042786,1.1212859153747559,1.3867028951644897,1.0491321086883545,1.2559311389923096,0.9583661556243896,1.0304208993911743,1.299290657043457,1.314674735069275,0.6033678650856018,0.5107375383377075
T_POSE,0.6856399178504944,0.6036847829818726,1.8633825778961182,1.6902848482131958,1.19234299659729,0.8076570630073547,1.0214593410491943,0.8208288550376892,1.7902637720108032,1.836991786956787,1.5078903436660767,1.229364037513733,2.347017526626587,0.6182963848114014,1.2727901935577393,1.2379292249679565,0.8857154846191406,1.042097806930542,0.8871911764144897,1.181073784828186,1.2884963750839233,1.1361145973205566,0.2921576499938965,0.41561418771743774
T_POSE,0.5599862933158875,1.4258501529693604,1.5350635051727295,2.4913928508758545,0.9810029864311218,1.0189969539642334,1.5059945583343506,1.0595495700836182,2.985095262527466,2.2251930236816406,1.3038103580474854,1.739892840385437,2.95910906791687,1.1289185285568237,1.4957823753356934,2.09389066696167,1.5827398300170898,1.3659266233444214,0.6585095524787903,1.0791511535644531,1.4724969863891602,1.6778981685638428,0.7089396715164185,1.0240859985351562
T_POSE,0.7765914797782898,0.9205405116081238,1.7653238773345947,1.9027599096298218,0.9050723910331726,1.0949275493621826,0.8258087635040283,1.138576626777649,2.282071352005005,2.1280670166015625,1.1415684223175049,1.7113652229309082,2.6288442611694336,0.6901371479034424,1.237377643585205,1.5929569005966187,1.4760977029800415,1.01620614528656,0.9322587251663208,1.0489225387573242,1.3544507026672363,1.0429497957229614,0.7215706706047058,0.47047096490859985
T_POSE,0.9699251055717468,0.842930018901825,1.848230242729187,1.7139246463775635,0.9616891145706177,1.0383108854293823,0.9754161238670349,0.8629715442657471,1.6357446908950806,1.688728928565979,1.3500360250473022,1.4400804042816162,2.6633799076080322,0.8886720538139343,1.591691493988037,1.5034027099609375,0.7126432657241821,0.8376842737197876,0.7328206896781921,0.8866216540336609,1.0706285238265991,1.0828145742416382,0.3440772593021393,0.2681693434715271
T_POSE,1.0190585851669312,0.7326820492744446,1.7813807725906372,1.4960713386535645,1.2287322282791138,0.771267831325531,0.9143158197402954,0.8959461450576782,1.8118643760681152,2.0309767723083496,1.2457844018936157,1.215284824371338,2.4916725158691406,0.6933755874633789,1.542783498764038,1.2246602773666382,1.047166347503662,1.1421681642532349,0.9312700033187866,0.824968695640564,1.1479687690734863,0.8749569654464722,0.4527727961540222,0.23998574912548065
T_POSE,0.6146149039268494,1.0328963994979858,1.5648460388183594,1.920029640197754,1.0805027484893799,0.9194973707199097,0.8016928434371948,0.9029931426048279,1.7728638648986816,1.9691338539123535,1.2637879848480225,1.344842791557312,2.5012874603271484,0.5969806909561157,1.3191860914230347,1.427196741104126,1.0067540407180786,1.0780067443847656,0.6696166396141052,1.0668728351593018,1.017532229423523,1.222377896308899,0.3322034776210785,0.6365448832511902
T_POSE,1.036008358001709,0.9298015832901001,2.1341803073883057,2.053990125656128,1.1588712930679321,0.8411286473274231,1.1315338611602783,1.195085048675537,2.0275962352752686,2.3245432376861572,1.606523036956787,1.4163854122161865,3.0577127933502197,0.9304543733596802,1.66175377368927,1.6555837392807007,0.9805675148963928,1.132819652557373,0.7379273176193237,1.1302578449249268,1.4978998899459839,0.8557966351509094,0.3575609624385834,0.4502645432949066
T_POSE,0.6055403351783752,0.5749499201774597,1.9461570978164673,1.9127193689346313,0.9453667402267456,1.0546331405639648,0.9366912245750427,1.0079580545425415,1.7396483421325684,1.9646100997924805,1.4557348489761353,1.2170294523239136,2.459996461868286,0.631676435470581,1.1940058469772339,1.360331654548645,0.8218674659729004,0.9829772114753723,0.5846457481384277,1.4247245788574219,0.9103362560272217,0.9139979481697083,0.15159091353416443,0.22591249644756317
T_POSE,0.6569856405258179,1.0552104711532593,1.535846471786499,1.9247369766235352,1.0817220211029053,0.9182780385017395,1.165605068206787,0.9794372916221619,2.038762331008911,1.8450151681900024,1.2890357971191406,1.5723646879196167,2.5625994205474854,0.7031716704368591,1.2072981595993042,1.724594235420227,0.8991199731826782,0.9312365651130676,0.6256431341171265,0.9095091223716736,1.291279673576355,1.3603917360305786,0.64848792552948,0.5997334122657776
T_POSE,0.5379427075386047,0.8040170073509216,1.6074289083480835,1.9078391790390015,1.1477863788604736,0.8522137403488159,0.9167253375053406,0.9300150275230408,1.9330376386642456,1.9986027479171753,1.2496906518936157,1.2783229351043701,2.3756511211395264,0.6345149874687195,1.174970030784607,1.532304048538208,1.0338963270187378,1.0784159898757935,0.5050762295722961,1.1561799049377441,0.9830914735794067,0.9470592141151428,0.20543695986270905,0.2692643702030182
T_POSE,0.9278312921524048,0.4611457586288452,1.8379086256027222,1.3990226984024048,0.7518303394317627,1.2481696605682373,1.2648041248321533,0.8854520320892334,2.235755443572998,1.8434193134307861,0.9697648286819458,1.4048553705215454,2.2712438106536865,0.7499499320983887,1.4923633337020874,1.1761122941970825,1.0384185314178467,1.0066789388656616,0.7505367398262024,0.974404513835907,0.8665823936462402,1.2918591499328613,0.5366514325141907,0.3419959247112274
T_POSE,0.8861165046691895,0.6292446255683899,1.659057378768921,1.402642011642456,1.195144534111023,0.8048555254936218,0.6586945056915283,0.7107921838760376,1.5856956243515015,1.8305116891860962,1.2179255485534668,1.0539119243621826,2.246687889099121,0.8077751398086548,1.366100788116455,1.1049221754074097,0.9331138730049133,1.1466834545135498,0.9444701075553894,0.8353081941604614,1.0163755416870117,0.8494027853012085,0.37057000398635864,0.42349550127983093
T_POSE,0.9604433178901672,1.295494794845581,1.714179277420044,2.005112648010254,1.1627219915390015,0.8372780680656433,1.0263125896453857,1.3797789812088013,2.1382977962493896,2.4971888065338135,1.2626111507415771,1.6451400518417358,2.929737091064453,1.1047829389572144,1.8785268068313599,1.4022414684295654,1.2893840074539185,1.1674938201904297,0.8730089068412781,0.776273787021637,1.1166462898254395,1.2823615074157715,0.33885976672172546,0.9509873986244202
T_POSE,0.5285040140151978,0.6775156259536743,1.7354480028152466,1.8975200653076172,1.0675593614578247,0.9324405789375305,0.9332853555679321,0.9498418569564819,2.0749473571777344,1.9874738454818726,1.143690824508667,1.2884423732757568,2.4031453132629395,0.7310678362846375,1.6228582859039307,1.3095438480377197,1.1746822595596313,1.0895072221755981,1.0159587860107422,1.2431044578552246,1.0697848796844482,1.2787925004959106,0.27794018387794495,0.505163311958313
T_POSE,1.0012304782867432,0.529466986656189,2.025188684463501,1.6067367792129517,0.890389621257782,1.1096103191375732,1.2641342878341675,1.2069685459136963,2.415059804916382,2.2180747985839844,1.4939870834350586,1.366443395614624,2.5235648155212402,0.8328065276145935,1.651228904724121,1.1763229370117188,1.1900761127471924,1.0278507471084595,0.9023674726486206,1.1128673553466797,1.1315579414367676,1.247048020362854,0.537544846534729,0.3065617084503174
T_POSE,0.9482553601264954,1.1385482549667358,2.0435051918029785,2.2451059818267822,0.7457835674285889,1.2542164325714111,1.4120651483535767,0.9558444619178772,2.206148862838745,2.093867301940918,1.5607391595840454,1.7644678354263306,3.1652560234069824,0.7696794867515564,1.8326079845428467,1.5285762548446655,0.8000475168228149,1.1454567909240723,0.7436434626579285,1.1387068033218384,1.1113619804382324,1.430131196975708,0.36702707409858704,0.4124490022659302
T_POSE,0.7703198194503784,0.6523731350898743,1.9650837182998657,1.7949656248092651,0.8549044132232666,1.1450955867767334,0.9518138766288757,0.6199824810028076,2.3630385398864746,1.7988760471343994,1.30149245262146,1.377806544303894,2.4991614818573,0.8670951128005981,1.3133549690246582,1.5894030332565308,1.4300143718719482,1.2137430906295776,0.655287504196167,1.2177218198776245,1.0016602277755737,1.1654819250106812,0.3803026080131531,0.35638976097106934
T_POSE,0.8242557048797607,0.7344241142272949,1.867465615272522,1.7875583171844482,0.8436160087585449,1.1563841104507446,1.257000207901001,0.70093834400177,2.2919082641601562,1.6895687580108643,1.306301236152649,1.4159585237503052,2.5633180141448975,0.9702761769294739,1.446935772895813,1.2969391345977783,1.0722345113754272,1.0071344375610352,1.0071580410003662,1.1249415874481201,1.1222714185714722,1.2726342678070068,0.6681846976280212,0.15739256143569946
T_POSE,0.6191834807395935,0.7789693474769592,1.6336904764175415,1.7770195007324219,1.0172630548477173,0.9827370047569275,1.3807271718978882,1.3658231496810913,2.360291004180908,2.1313462257385254,1.2494090795516968,1.3982571363449097,2.3954174518585205,0.9670504331588745,1.2480590343475342,1.5128874778747559,1.1229438781738281,0.799433708190918,0.6123268604278564,1.0219836235046387,0.9473739266395569,1.231765866279602,0.4623015224933624,0.5332592129707336
T_POSE,0.6946579217910767,0.7820098996162415,1.759412169456482,1.8384966850280762,1.0766650438308716,0.9233348965644836,0.6626355648040771,0.9317585825920105,1.710833191871643,1.8713170289993286,1.3912394046783447,1.2389605045318604,2.5198068618774414,0.8900155425071716,1.4167249202728271,1.370794653892517,1.0561989545822144,0.994585394859314,0.8691795468330383,1.1005547046661377,1.036168098449707,0.8239277601242065,0.28089818358421326,0.46596571803092957
T_POSE,0.6330991387367249,0.5868132710456848,1.5690110921859741,1.5318249464035034,0.8221471905708313,1.1778528690338135,0.8900211453437805,0.8079560995101929,1.840773105621338,1.528429627418518,1.0346702337265015,1.3880364894866943,2.146620273590088,0.9401031136512756,1.2003374099731445,1.164625883102417,0.9613044261932373,0.8269491791725159,0.6008597612380981,0.954123318195343,0.708613932132721,1.0908691883087158,0.3511631190776825,0.1408713310956955
T_POSE,0.7586411237716675,0.7378482222557068,1.2417165040969849,1.2016187906265259,0.9316583275794983,1.068341612815857,0.8179502487182617,0.8781002163887024,1.716443657875061,1.4062597751617432,1.0253775119781494,0.9238947033882141,1.9600977897644043,0.564148485660553,1.1621519327163696,1.0968433618545532,0.9209994673728943,0.5540469288825989,1.2465378046035767,0.4927041530609131,0.7792629599571228,0.9396597146987915,0.6600143313407898,0.5078726410865784
T_POSE,1.103391408920288,0.6684218645095825,2.2281837463378906,1.7571535110473633,1.0442440509796143,0.9557560086250305,0.9519659280776978,1.472955584526062,2.401200294494629,2.5682873725891113,1.3954166173934937,1.348211407661438,2.860445261001587,1.046806812286377,1.667175531387329,1.5308810472488403,1.4531726837158203,1.0964012145996094,1.001343011856079,1.1349047422409058,1.0603433847427368,1.1764781475067139,0.7357938885688782,0.29119372367858887
T_POSE,0.711812436580658,0.5227769613265991,1.918625831604004,1.7508608102798462,0.8498036861419678,1.1501963138580322,0.9899709820747375,0.9769904017448425,1.9730556011199951,1.8415496349334717,1.1749482154846191,1.411852240562439,2.415231704711914,0.9456962943077087,1.3786063194274902,1.3785426616668701,1.0196599960327148,0.8695387840270996,1.019508957862854,1.2668100595474243,1.3639370203018188,0.9224697351455688,0.6274410486221313,0.4348072409629822
T_POSE,0.8993824124336243,0.7234760522842407,1.7228271961212158,1.9008365869522095,1.0748924016952515,0.9251077175140381,0.9649035334587097,1.088929295539856,2.122468948364258,2.42879581451416,1.2259938716888428,1.2541753053665161,2.3937289714813232,0.6661657094955444,1.3374154567718506,1.4199447631835938,1.1904305219650269,1.360265851020813,0.8780714273452759,1.1792068481445312,0.9955092072486877,0.8966830372810364,0.439789354801178,0.35273095965385437
T_POSE,0.3414252996444702,0.7094716429710388,1.5780847072601318,2.049867868423462,1.155569076538086,0.8444309830665588,1.034118890762329,1.350954294204712,2.057218313217163,2.066652774810791,1.0684635639190674,1.2639858722686768,2.279700756072998,0.6854501962661743,1.177874207496643,1.4745575189590454,1.026749610900879,0.7291259169578552,0.688883900642395,1.3645069599151611,1.0271323919296265,1.052180290222168,0.35985898971557617,0.39405107498168945
T_POSE,0.8615297079086304,1.1671103239059448,1.9472891092300415,2.1768903732299805,1.0446969270706177,0.9553031325340271,0.8844286203384399,1.0773415565490723,1.8092643022537231,1.9278634786605835,1.5930850505828857,1.889335036277771,2.966177225112915,0.839526355266571,1.3645515441894531,1.7205827236175537,0.9508707523345947,0.8799893260002136,0.6778196096420288,1.106284737586975,1.2684611082077026,1.4887861013412476,0.4179419279098511,0.5672901272773743
T_POSE,0.9419580101966858,0.6995909214019775,2.2208917140960693,1.9020947217941284,0.9923661351203918,1.007633924484253,1.307227373123169,1.3973349332809448,2.487917184829712,2.1497836112976074,1.491986632347107,1.6649481058120728,2.810274839401245,0.8592832684516907,1.5184828042984009,1.4089934825897217,1.2649863958358765,0.7628878951072693,0.6425568461418152,1.293361783027649,1.396132469177246,1.2299503087997437,0.6540164947509766,0.31036072969436646
T_POSE,0.864771842956543,0.8466587066650391,1.5669838190078735,1.5395398139953613,1.099422812461853,0.900577187538147,0.8282485008239746,0.9334375858306885,1.6998727321624756,1.7493036985397339,1.4637279510498047,1.3562172651290894,2.374389171600342,0.3195006847381592,1.3303405046463013,1.3445367813110352,0.8898240923881531,0.9314859509468079,0.6678435206413269,0.7113487720489502,1.2239549160003662,1.164048433303833,0.6578482389450073,0.5394793748855591
T_POSE,0.6082900762557983,0.6151868104934692,1.6681667566299438,1.5712764263153076,0.956642210483551,1.0433577299118042,0.9119167923927307,1.0084714889526367,1.7201781272888184,1.9669394493103027,1.3164098262786865,0.9399596452713013,2.178833246231079,0.8055859804153442,1.0856940746307373,1.2858843803405762,0.8285608887672424,1.0114346742630005,0.6981086134910583,1.0830873250961304,0.99029141664505,0.9879254102706909,0.19120554625988007,0.24833650887012482
T_POSE,0.7222059965133667,1.0325403213500977,1.796334147453308,2.039586067199707,1.1235202550888062,0.8764796257019043,1.1714897155761719,1.5882136821746826,1.832054615020752,2.2066824436187744,1.3211044073104858,1.7370480298995972,2.6796250343322754,0.6651633977890015,1.4070252180099487,1.4695219993591309,0.7408386468887329,0.8202016353607178,0.7347511053085327,1.1060999631881714,1.3140336275100708,1.1347920894622803,0.3927001357078552,0.3854539394378662
T_POSE,0.9670776724815369,0.6597593426704407,2.015989065170288,1.7129019498825073,1.226556420326233,0.7734435200691223,1.294583797454834,1.0414097309112549,1.8632607460021973,1.8211579322814941,1.6478909254074097,1.1569994688034058,2.6737728118896484,0.9416707754135132,1.575952172279358,1.3162590265274048,0.9721760749816895,0.8632249236106873,0.7781985998153687,1.0595428943634033,1.200836181640625,0.7643352746963501,0.15009623765945435,0.28323689103126526
T_POSE,0.6000100374221802,0.7802451252937317,1.3497365713119507,1.576750636100769,1.0585169792175293,0.9414830207824707,0.9807916879653931,0.9832895398139954,1.6463559865951538,1.7005759477615356,0.978323757648468,1.0829811096191406,2.08573579788208,0.9075456857681274,1.3714046478271484,0.9898031949996948,0.7020342946052551,0.735985279083252,0.9814954400062561,0.8310025334358215,1.0109987258911133,0.9219760894775391,0.5652186870574951,0.7345122694969177
T_POSE,0.7266858220100403,0.7265831828117371,1.5507479906082153,1.5379104614257812,0.9045084118843079,1.0954915285110474,0.8349326252937317,0.7899530529975891,1.814357042312622,1.8831729888916016,1.3414169549942017,1.002186894416809,2.2481796741485596,0.8819580078125,1.1701278686523438,1.384215235710144,1.001259446144104,1.0981653928756714,0.8690090775489807,0.8524165749549866,1.1980348825454712,1.1273524761199951,0.5592525005340576,0.5560435056686401
T_POSE,0.6672068238258362,0.7762566208839417,1.6515146493911743,1.7559491395950317,0.8880616426467896,1.1119384765625,1.0708955526351929,0.5835703611373901,2.1119983196258545,2.100541830062866,1.1355860233306885,1.2717251777648926,2.3993711471557617,0.5785089731216431,1.5917730331420898,1.4829360246658325,1.2178322076797485,1.5288130044937134,0.9385637640953064,1.01228666305542,0.9503684043884277,1.1809072494506836,0.4226676821708679,0.5288566946983337
T_POSE,0.9386370182037354,0.6049473285675049,1.737918734550476,1.4129687547683716,0.9787122011184692,1.0212876796722412,0.6950991153717041,0.5684539079666138,1.568650484085083,1.4725637435913086,1.3886842727661133,1.0161223411560059,2.304908275604248,0.5866115689277649,1.3613200187683105,1.1941187381744385,0.8778141140937805,0.9075670838356018,0.7874319553375244,0.8371946215629578,1.057700514793396,1.034387230873108,0.430367112159729,0.19191554188728333
T_POSE,0.5066115260124207,0.6544618606567383,1.5635188817977905,1.6995513439178467,0.9246852993965149,1.0753146409988403,0.9919043779373169,0.9798776507377625,1.6297935247421265,1.7373509407043457,1.2668880224227905,1.0812994241714478,2.1731503009796143,0.6766440868377686,1.0713906288146973,1.3846485614776611,0.733526349067688,0.840133011341095,0.8552717566490173,1.1235017776489258,0.959359347820282,1.0701308250427246,0.3833003044128418,0.26045408844947815
T_POSE,0.37052223086357117,0.710056483745575,1.2598493099212646,1.6214473247528076,0.9871013760566711,1.012898564338684,1.0124098062515259,0.7986438274383545,1.3233563899993896,1.3425110578536987,0.9703883528709412,1.2215890884399414,1.9692411422729492,0.5790891051292419,0.9013116955757141,1.2414299249649048,0.4318994879722595,0.5786163806915283,0.9025786519050598,0.9175730347633362,1.0249048471450806,1.0947964191436768,0.15166668593883514,0.37831994891166687
T_POSE,0.5567865371704102,0.8272321224212646,1.688228726387024,1.952656626701355,1.1331653594970703,0.8668347001075745,1.1781928539276123,1.1857397556304932,1.927363395690918,2.3086140155792236,1.3756113052368164,1.2262834310531616,2.506486177444458,0.8049890398979187,1.335513710975647,1.5037181377410889,0.784873902797699,1.1272330284118652,0.7223316431045532,1.1319165229797363,1.3928426504135132,0.9460340142250061,0.30581748485565186,0.3928489089012146
T_POSE,0.6380940675735474,0.5654173493385315,1.652363896369934,1.5638056993484497,0.9890152215957642,1.0109847784042358,0.6426501870155334,0.7452535033226013,1.689328670501709,1.5282738208770752,1.0746990442276,1.4242684841156006,2.16286563873291,0.835328221321106,1.3581538200378418,0.9310134649276733,1.078987956047058,0.8044087886810303,0.808249294757843,1.055557131767273,0.7968441843986511,1.0839953422546387,0.4270389676094055,0.1654672920703888
T_POSE,0.47649702429771423,0.7198501229286194,1.334721565246582,1.599954605102539,0.9287247657775879,1.071275234222412,0.8693340420722961,0.5810308456420898,1.6456726789474487,1.3515005111694336,1.243316888809204,1.4709972143173218,2.042585611343384,0.5212005972862244,1.0148252248764038,1.209352731704712,0.790658175945282,0.7853647470474243,0.41585609316825867,0.88290935754776,0.9616601467132568,1.2264701128005981,0.31572574377059937,0.22460341453552246
T_POSE,0.5026012659072876,0.8826413154602051,1.5359846353530884,1.9131089448928833,0.9886845350265503,1.0113154649734497,0.7510602474212646,1.0619210004806519,1.8210641145706177,2.0208165645599365,1.1753333806991577,1.0716930627822876,2.3946197032928467,0.8138893246650696,1.146180272102356,1.5499272346496582,1.0729374885559082,0.961759626865387,1.0732102394104004,1.0607541799545288,1.1183552742004395,1.1501902341842651,0.3932800590991974,0.3646823465824127
T_POSE,0.9558045864105225,1.1261478662490845,1.7769253253936768,1.8831939697265625,1.1279789209365845,0.8720211982727051,1.1515727043151855,1.3865411281585693,2.35215163230896,2.566737174987793,1.2228386402130127,1.2800790071487427,2.81942081451416,0.5233069062232971,1.5059541463851929,1.6454778909683228,1.3578826189041138,1.2787322998046875,1.4993842840194702,0.8842422366142273,1.3785792589187622,0.8026604652404785,0.6172147989273071,0.5798830986022949
T_POSE,0.6335067749023438,0.595514178276062,1.77339506149292,1.694174885749817,1.0263258218765259,0.9736742973327637,0.8278977870941162,0.8053235411643982,2.043910026550293,1.8187625408172607,1.294697880744934,1.3361421823501587,2.3191468715667725,0.7280333638191223,1.1913806200027466,1.315258502960205,1.2466624975204468,1.0259405374526978,0.6467563509941101,1.1695992946624756,1.0805872678756714,0.9675333499908447,0.2795490622520447,0.12848250567913055
T_POSE,1.0599160194396973,0.9964556097984314,2.042969226837158,2.023939371109009,0.7830626964569092,1.2169373035430908,1.187885046005249,1.3438984155654907,2.0614867210388184,2.20028018951416,1.4930827617645264,1.5415170192718506,3.003129720687866,0.7395135164260864,1.5052378177642822,1.731385350227356,0.9342859983444214,1.0258020162582397,0.9479663968086243,1.1302160024642944,1.0077420473098755,1.3983993530273438,0.553909957408905,0.846271812915802
T_POSE,0.6747606992721558,0.49660125374794006,1.5123132467269897,1.3023613691329956,1.0193151235580444,0.9806848764419556,0.9193647503852844,0.8253558874130249,1.5623799562454224,1.6005606651306152,1.2436892986297607,1.001409649848938,1.9655470848083496,0.6535694003105164,1.17438542842865,0.9837344884872437,0.7334727644920349,0.7771985530853271,0.5294086337089539,0.8391863107681274,1.1040831804275513,1.0568917989730835,0.477265864610672,0.28699615597724915
T_POSE,1.045032024383545,0.5857566595077515,1.9805412292480469,1.5695165395736694,1.2759324312210083,0.7240676283836365,0.7427145838737488,1.4094879627227783,1.7130368947982788,2.2582828998565674,1.3409165143966675,0.9843718409538269,2.5646324157714844,0.7639937400817871,1.7491836547851562,1.1540412902832031,1.0194870233535767,0.8624200820922852,1.1393126249313354,1.0053960084915161,1.0867959260940552,1.0991265773773193,0.4850558042526245,0.4079078733921051
T_POSE,0.6886999011039734,0.7965400815010071,1.5542658567428589,1.605454683303833,0.9241889119148254,1.0758110284805298,0.9040045738220215,0.7762562036514282,1.9633784294128418,1.7717002630233765,1.1340550184249878,1.1996017694473267,2.285203695297241,0.6247323751449585,1.428221344947815,1.0831438302993774,1.0728281736373901,1.0395082235336304,0.765704870223999,0.9031533598899841,1.1586371660232544,1.1381031274795532,0.7576113939285278,0.3167801797389984
T_POSE,0.7060171961784363,0.7007724046707153,1.7228113412857056,1.4398772716522217,1.01131272315979,0.98868727684021,0.8939529061317444,1.0072888135910034,1.8792403936386108,1.9265351295471191,1.1211448907852173,0.8317373394966125,2.1385838985443115,0.8804702758789062,1.2021799087524414,1.3056384325027466,0.9868409633636475,1.0412160158157349,1.2674424648284912,1.1114437580108643,1.336390733718872,0.8942077159881592,0.7218779921531677,0.5702137351036072
T_POSE,0.39693814516067505,0.5279346704483032,1.611790418624878,1.7385210990905762,1.125779151916504,0.8742207288742065,0.7082252502441406,1.0439738035202026,1.7239975929260254,1.8280036449432373,1.373578429222107,1.2762343883514404,2.101968765258789,1.0177571773529053,0.9836651086807251,1.350285291671753,1.078201413154602,0.7882449626922607,0.8084336519241333,1.233432412147522,1.2835859060287476,0.7752799391746521,0.34581810235977173,0.22465160489082336
T_POSE,0.8934600353240967,0.6900011301040649,2.113229990005493,2.0003442764282227,0.9418999552726746,1.0581001043319702,1.396787166595459,1.2118911743164062,2.3459739685058594,2.132094621658325,1.4321198463439941,1.3721578121185303,2.7901811599731445,0.5401122570037842,1.6392630338668823,1.3326749801635742,0.9747529029846191,0.9535338878631592,0.8078418374061584,1.3104228973388672,0.9800793528556824,1.1391180753707886,0.3505665361881256,0.23054653406143188
T_POSE,0.392386257648468,0.5538536906242371,1.4067658185958862,1.629028558731079,1.065727949142456,0.9342721700668335,0.8173788785934448,0.8243520855903625,1.301887035369873,1.5516774654388428,1.0808948278427124,1.1377261877059937,1.902745008468628,0.7320003509521484,0.9847447872161865,1.0207507610321045,0.4971609115600586,0.7581201195716858,0.7155484557151794,1.0990275144577026,1.0694180727005005,0.9192214012145996,0.039713550359010696,0.2540479302406311
T_POSE,1.1256794929504395,0.7901495695114136,2.142702102661133,1.9464081525802612,0.9206206202507019,1.0793793201446533,1.23260498046875,1.3228554725646973,2.4392871856689453,2.44352126121521,1.5601195096969604,1.44584321975708,2.9319722652435303,0.5870693325996399,1.9752626419067383,1.4315741062164307,1.33790922164917,1.2295684814453125,0.6501172184944153,1.1901814937591553,1.1383442878723145,1.2832188606262207,0.3553137183189392,0.43399348855018616
T_POSE,0.7750160098075867,0.6699923276901245,1.8672524690628052,1.7198995351791382,0.9067481160163879,1.0932518243789673,0.9736877679824829,1.0325648784637451,1.6195155382156372,1.942238688468933,1.3460407257080078,1.195314884185791,2.493479013442993,1.0224647521972656,1.4244390726089478,1.1385682821273804,0.6743595004081726,0.9432601928710938,0.748246431350708,1.1067818403244019,1.073567271232605,1.1328754425048828,0.32786625623703003,0.343455046415329
T_POSE,0.9509859085083008,0.9212061166763306,1.8202983140945435,1.729414701461792,0.8918181657791138,1.1081818342208862,1.0125195980072021,1.0005214214324951,1.8196032047271729,1.9931237697601318,1.4400554895401,1.2986704111099243,2.6703288555145264,0.49163028597831726,1.5705646276474,1.494741678237915,0.8628993034362793,1.0808517932891846,0.6744145750999451,0.9427875876426697,1.3111132383346558,1.1146475076675415,0.6154167652130127,0.5189141631126404
T_POSE,0.8994356989860535,0.6365159153938293,1.7235689163208008,1.5702483654022217,0.8453777432441711,1.1546223163604736,1.0402780771255493,0.8509827852249146,2.044025182723999,2.261103868484497,1.3925148248672485,1.3720273971557617,2.353459596633911,0.9356899857521057,1.2783769369125366,1.3797705173492432,1.0715452432632446,1.4489904642105103,0.7990230321884155,0.9971471428871155,1.1363551616668701,1.4142353534698486,0.6001607179641724,0.3224931061267853
T_POSE,0.7148489952087402,0.4992530345916748,1.673351526260376,1.4853485822677612,1.1444451808929443,0.8555547595024109,0.6754953265190125,0.9528874158859253,1.7011281251907349,1.997689127922058,1.3178359270095825,1.0942344665527344,2.172550678253174,0.6768977046012878,1.0143654346466064,1.2333102226257324,1.0279432535171509,1.1014317274093628,0.7724844217300415,0.991611123085022,1.2216967344284058,0.6971770524978638,0.5190604329109192,0.30543142557144165
T_POSE,0.6525753140449524,0.8111119270324707,1.1748127937316895,1.3320512771606445,0.9308556914329529,1.069144368171692,0.7905822992324829,0.7715733647346497,1.6067982912063599,1.37620210647583,1.0280917882919312,1.2044007778167725,1.8892351388931274,0.841119647026062,1.0716462135314941,1.3613258600234985,0.9210605025291443,0.7485559582710266,0.5087655186653137,0.7355163097381592,1.0142260789871216,1.0626474618911743,0.6193039417266846,0.4552727937698364
T_POSE,0.6175022125244141,0.5664095878601074,1.5122616291046143,1.477278470993042,0.9586666822433472,1.0413331985473633,0.7031545639038086,0.8538829684257507,1.5147467851638794,1.5692390203475952,1.092322587966919,1.1261510848999023,2.043997049331665,0.6934519410133362,1.0832427740097046,1.1808080673217773,0.87772136926651,0.7335808873176575,0.6272144913673401,0.9345767498016357,1.038275122642517,1.062994122505188,0.2804970443248749,0.23130609095096588
T_POSE,0.9469201564788818,0.8089168667793274,2.0812265872955322,1.9306981563568115,0.9142999053001404,1.0857000350952148,1.1862852573394775,1.206160306930542,2.2572572231292725,2.363813877105713,1.4465655088424683,1.4487946033477783,2.8709142208099365,0.6864427328109741,1.5589686632156372,1.5533287525177002,1.0872125625610352,1.25424063205719,0.7250137329101562,1.1556634902954102,1.1066384315490723,0.9773142337799072,0.5438143610954285,0.3825870454311371
T_POSE,0.8814252018928528,0.8977994918823242,1.540886402130127,1.5787639617919922,0.9888499975204468,1.0111500024795532,1.3144352436065674,1.1541417837142944,2.278890609741211,2.325307607650757,1.1636695861816406,1.3133556842803955,2.429032802581787,0.8858717083930969,1.481796145439148,1.6403684616088867,0.9842297434806824,1.2241297960281372,0.8710488080978394,0.7357096076011658,0.9092101454734802,1.1234359741210938,0.47304850816726685,0.595788300037384
T_POSE,0.7436479330062866,1.1492729187011719,1.7247073650360107,2.1600756645202637,0.823760986328125,1.1762388944625854,1.0448116064071655,1.1663341522216797,2.381979465484619,2.053363561630249,1.4084681272506714,1.6838449239730835,2.817811965942383,0.8395348787307739,1.632034420967102,1.57063889503479,1.3485060930252075,1.0593012571334839,0.8407914042472839,1.0900667905807495,1.1144979000091553,1.2736239433288574,0.42293331027030945,0.6657232046127319
T_POSE,0.5828842520713806,0.7445548176765442,1.8487067222595215,1.90981924533844,1.0207535028457642,0.9792464375495911,1.2752985954284668,1.3697181940078735,2.150055170059204,2.2608089447021484,1.2731115818023682,1.2791060209274292,2.4869308471679688,0.7842749953269958,1.3317943811416626,1.5099937915802002,0.8892973065376282,0.9151346683502197,0.7843867540359497,1.2671469449996948,1.1779115200042725,1.3430931568145752,0.5285627841949463,0.5921134352684021
T_POSE,0.5803287029266357,0.8477822542190552,1.4127678871154785,1.7247580289840698,1.158557415008545,0.8414426445960999,1.1608505249023438,1.122861385345459,1.8353840112686157,1.9228413105010986,1.1839016675949097,1.3614437580108643,2.2485036849975586,0.6599854230880737,1.317691445350647,1.417760968208313,0.6761809587478638,0.8195748329162598,0.43835386633872986,0.9070757627487183,1.283135175704956,1.0300064086914062,0.4619840979576111,0.2648813724517822
T_POSE,0.706240177154541,0.6537690162658691,1.4014228582382202,1.3492164611816406,1.2300641536712646,0.7699358463287354,0.43287116289138794,0.9818016290664673,1.6105198860168457,1.9432106018066406,1.5569121837615967,0.9663819670677185,2.0485382080078125,0.5727452635765076,1.2633076906204224,0.8781687021255493,1.1844350099563599,0.9640637040138245,0.7250901460647583,0.6993923187255859,1.2804574966430664,1.0247057676315308,0.5029155015945435,0.6351584792137146
T_POSE,0.8085052371025085,0.8934662342071533,1.8585174083709717,1.9985206127166748,0.9628103971481323,1.0371894836425781,1.451750636100769,0.8772414326667786,2.566925525665283,2.224400520324707,1.168838381767273,1.6702332496643066,2.7133278846740723,0.8452543020248413,1.7371478080749512,1.5290379524230957,1.1261777877807617,1.3535349369049072,0.7314655780792236,1.2286235094070435,0.9730551838874817,1.3605998754501343,0.23294731974601746,0.4144684672355652
T_POSE,0.9956583380699158,0.9073396325111389,2.025941848754883,1.9276551008224487,0.9902230501174927,1.0097768306732178,1.0702608823776245,1.1720713376998901,2.0300400257110596,1.8407124280929565,1.4035876989364624,1.3376240730285645,2.880401849746704,0.6504970192909241,1.671152114868164,1.6565186977386475,1.0402703285217285,0.6829845905303955,0.7257861495018005,1.0636053085327148,1.0783580541610718,1.2291194200515747,0.3821263909339905,0.5089768767356873
T_POSE,0.8583226203918457,0.9347195625305176,1.8651769161224365,1.9240591526031494,1.139986515045166,0.8600133657455444,0.7224898934364319,1.267014980316162,2.083561658859253,2.637692451477051,1.5977413654327393,1.3376386165618896,2.7301113605499268,0.6563029885292053,1.712756872177124,1.511290192604065,1.3615374565124512,1.4363481998443604,0.9484797716140747,1.124082326889038,1.5316812992095947,1.106095314025879,0.6096308827400208,0.5318378806114197
T_POSE,0.6744192242622375,0.8659816980361938,1.8350982666015625,2.033355236053467,0.9996531009674072,1.0003468990325928,1.1196831464767456,1.0519312620162964,2.175865650177002,2.1229400634765625,1.227845311164856,1.4266773462295532,2.698173999786377,0.6681769490242004,1.4642683267593384,1.471571922302246,1.065051555633545,1.1008156538009644,0.7547725439071655,1.1677762269973755,1.070505142211914,1.2233459949493408,0.36266303062438965,0.35705628991127014
T_POSE,0.732113778591156,1.0623232126235962,1.558882236480713,1.895425796508789,1.0127534866333008,0.987246572971344,0.8501095175743103,1.0039012432098389,1.602452039718628,1.8583883047103882,1.3995530605316162,1.4848124980926514,2.6100876331329346,0.8260149955749512,1.4208245277404785,1.5839638710021973,0.7550539374351501,0.86429762840271,0.769518256187439,0.8429568409919739,1.181709885597229,1.135091781616211,0.20884178578853607,0.5726088881492615
T_POSE,0.817135214805603,0.5909802913665771,1.7275209426879883,1.496708631515503,1.0112537145614624,0.9887462854385376,0.9964494705200195,0.8091276288032532,1.8985826969146729,1.671065092086792,1.1910778284072876,1.3094696998596191,2.3123645782470703,0.564621090888977,1.2202752828598022,1.1769945621490479,1.0344022512435913,0.8820576071739197,0.7595701813697815,0.9167252779006958,1.1750037670135498,1.0005686283111572,0.5273916125297546,0.3070608377456665
T_POSE,0.36203956604003906,0.7902107238769531,1.5722260475158691,2.0792813301086426,1.0240943431854248,0.97590571641922,0.7853708267211914,0.9249323606491089,1.8323557376861572,2.065613269805908,1.3472788333892822,1.5465662479400635,2.350907802581787,0.6077615022659302,1.2439303398132324,1.3208441734313965,1.1187421083450317,1.152540922164917,0.5100107789039612,1.289746880531311,0.9584681987762451,1.3139904737472534,0.2586095929145813,0.6080744862556458
T_POSE,1.1150943040847778,0.8604998588562012,2.3302972316741943,2.204961061477661,0.8324219584465027,1.167578101158142,1.4730552434921265,1.619935393333435,3.1460390090942383,2.7634668350219727,1.8499057292938232,1.677132487297058,3.1525638103485107,0.6317472457885742,1.751287817955017,1.5814032554626465,1.6904503107070923,1.250123381614685,0.8076997995376587,1.3487522602081299,1.4809826612472534,1.3892332315444946,0.6865456104278564,0.5159150958061218
T_POSE,1.004473090171814,1.0176379680633545,1.8077236413955688,1.836524248123169,1.0171728134155273,0.9828271865844727,1.0574673414230347,1.4046564102172852,2.314337730407715,2.3545384407043457,1.3927809000015259,1.2388556003570557,2.8048760890960693,0.9592567086219788,1.646497368812561,1.5448174476623535,1.264482855796814,0.9691548943519592,0.9329750537872314,0.8903295397758484,1.158070683479309,1.003629207611084,0.6236015558242798,0.6326911449432373
T_POSE,0.7949320077896118,0.7155379056930542,1.47786545753479,1.4168046712875366,1.012869954109192,0.9871299266815186,0.8919768929481506,0.8057988286018372,1.7507500648498535,1.8132106065750122,1.5035532712936401,1.3147956132888794,2.192998170852661,0.49609091877937317,1.3415311574935913,1.1683192253112793,0.8966541290283203,1.0544828176498413,0.3619324266910553,0.7059486508369446,1.290629506111145,1.1536860466003418,0.5853161215782166,0.541526198387146
T_POSE,0.8632974624633789,0.7844609022140503,2.040830135345459,1.9586149454116821,1.1534180641174316,0.8465818166732788,0.977192223072052,1.34348464012146,1.9125094413757324,2.1339261531829834,1.548604965209961,1.3941478729248047,2.8160648345947266,0.7448092699050903,1.9164402484893799,1.3723335266113281,0.9451594948768616,0.8208441138267517,0.6913226842880249,1.1924598217010498,1.2594609260559082,1.0430538654327393,0.4114140272140503,0.4210960268974304
T_POSE,0.8018550276756287,0.6809098720550537,1.9772778749465942,1.7905981540679932,1.2370268106460571,0.7629732489585876,1.0890617370605469,1.2677165269851685,2.4400038719177246,2.6866283416748047,1.5077579021453857,1.2255594730377197,2.539388656616211,1.0283901691436768,1.7970623970031738,1.2191413640975952,1.3954105377197266,1.4436440467834473,0.9234917163848877,1.2945151329040527,1.2078793048858643,1.246546745300293,0.46234795451164246,0.5764022469520569
T_POSE,0.7305068373680115,0.8467486500740051,2.287156820297241,2.3850693702697754,1.0772958993911743,0.9227039813995361,1.385295033454895,1.2957020998001099,2.4508867263793945,2.6872830390930176,1.3725041151046753,1.5719804763793945,3.1079792976379395,0.784727156162262,1.752416729927063,1.8353254795074463,1.1277621984481812,1.4224294424057007,1.0256887674331665,1.5730942487716675,1.0553078651428223,1.2718755006790161,0.34978172183036804,0.36446961760520935
T_POSE,0.9672717452049255,1.2606620788574219,1.9639347791671753,2.28633189201355,0.8950392603874207,1.1049607992172241,1.4462180137634277,1.2812765836715698,2.44915509223938,2.092254161834717,1.4393428564071655,1.8730442523956299,3.2236642837524414,1.1969324350357056,1.8404568433761597,2.0145978927612305,1.0284274816513062,1.0371148586273193,0.7871367931365967,1.0305339097976685,1.4031050205230713,1.5319074392318726,0.5625654458999634,0.505263090133667
T_POSE,0.6469277739524841,0.751160740852356,1.7128055095672607,1.9443365335464478,1.1046146154403687,0.8953853249549866,0.8269796371459961,1.0749634504318237,1.6278574466705322,1.7385530471801758,1.0351356267929077,1.4925650358200073,2.4605305194854736,0.9739413261413574,1.4647148847579956,1.4835922718048096,0.9079113006591797,0.7098121643066406,0.4955672025680542,1.2253386974334717,0.9071463346481323,0.9647000432014465,0.2209027111530304,0.12656478583812714
T_POSE,0.7941083312034607,0.8477098345756531,1.6294751167297363,1.6699225902557373,1.054084062576294,0.9459160566329956,0.6298375725746155,1.223142385482788,1.8315742015838623,1.8313807249069214,1.1767520904541016,1.5902200937271118,2.454040050506592,0.8908118009567261,1.5828396081924438,1.1954107284545898,1.2326685190200806,0.6188159584999084,0.5750030875205994,0.8510484099388123,1.1534013748168945,1.2258365154266357,0.6249215006828308,0.5215802788734436
T_POSE,0.9469239711761475,0.7611743211746216,2.146634817123413,1.944144368171692,0.9346449375152588,1.0653550624847412,1.2304103374481201,1.010964274406433,2.7008748054504395,2.6957173347473145,1.3096933364868164,1.2311365604400635,2.889923334121704,1.079775094985962,1.5391643047332764,1.8227101564407349,1.5071921348571777,1.7021948099136353,1.2827125787734985,1.2002633810043335,0.9974380135536194,1.482814908027649,0.2825344502925873,0.6205106973648071
T_POSE,0.7648171186447144,0.9138786792755127,2.037480592727661,2.1502044200897217,0.9001543521881104,1.0998456478118896,1.179266095161438,0.9772088527679443,2.280381441116333,2.1688835620880127,1.1589381694793701,1.3746875524520874,2.878059148788452,0.8306958079338074,1.6714859008789062,1.6113345623016357,1.1012872457504272,1.1928004026412964,0.8753736615180969,1.2959163188934326,0.9265033006668091,0.7605516314506531,0.3532392680644989,0.522085428237915
T_POSE,0.5429490804672241,0.7218483090400696,1.4194244146347046,1.590421199798584,0.9153931140899658,1.0846068859100342,0.9224451780319214,0.8493198752403259,1.8454325199127197,1.61953866481781,0.9768255949020386,1.5069658756256104,2.0986599922180176,0.5400801301002502,1.103470802307129,1.384993076324463,0.9484981298446655,0.8725235462188721,0.9758611917495728,0.8930608034133911,1.1347912549972534,1.0992399454116821,0.3240939676761627,0.33272412419319153
T_POSE,0.6181511282920837,0.8620108962059021,1.5639004707336426,1.7448197603225708,0.923287570476532,1.0767124891281128,0.8113501667976379,1.007300853729248,1.8121871948242188,2.029717445373535,1.279006838798523,1.1829826831817627,2.3379390239715576,0.9360762238502502,1.4808580875396729,1.212839126586914,1.058755874633789,1.0345849990844727,0.7715049386024475,1.0399937629699707,1.1882474422454834,0.9009092450141907,0.398186057806015,0.4644273817539215
T_POSE,0.8186461925506592,0.570015013217926,1.6822434663772583,1.4430599212646484,0.8601402640342712,1.139859676361084,1.0373613834381104,0.7593643665313721,1.9042505025863647,1.2031482458114624,1.1240906715393066,1.299750804901123,2.24481201171875,0.8852139711380005,1.5711359977722168,1.153525471687317,0.887566864490509,0.5459542274475098,0.8884074687957764,0.892875611782074,0.8096975684165955,1.4068374633789062,0.5347470045089722,0.6429032683372498
T_POSE,0.5385589003562927,0.8129147887229919,1.7489804029464722,2.023331642150879,0.8054244518280029,1.194575548171997,0.8564435839653015,0.9566447734832764,1.962905764579773,1.9189770221710205,1.1064400672912598,1.4574079513549805,2.5181119441986084,1.2004787921905518,1.3355216979980469,1.6865278482437134,1.2051739692687988,1.134737253189087,0.7350524663925171,1.2923758029937744,1.227867603302002,1.180741786956787,0.4838108420372009,0.4275090992450714
T_POSE,0.6368246674537659,0.632901668548584,1.646602749824524,1.622549057006836,0.9032619595527649,1.0967379808425903,0.9466112852096558,0.870201826095581,1.6967979669570923,1.731064796447754,1.146327018737793,1.4450887441635132,2.243208169937134,0.6295154690742493,1.0661250352859497,1.3439425230026245,0.784997284412384,0.875450849533081,0.6022680997848511,1.016372561454773,0.9705793261528015,1.0910160541534424,0.4991028606891632,0.19830280542373657
T_POSE,0.917776882648468,1.0675784349441528,1.7730083465576172,2.002478837966919,0.6462442874908447,1.3537557125091553,1.3280073404312134,1.1340733766555786,2.561838388442993,2.3782808780670166,1.3605289459228516,1.4720591306686401,2.810568332672119,0.6687954664230347,1.3594682216644287,1.8056144714355469,1.2518525123596191,1.3442414999008179,0.975527286529541,1.0601940155029297,1.1007963418960571,1.2850929498672485,0.4939461648464203,0.49734964966773987
T_POSE,0.6985871195793152,0.7322540879249573,1.6838831901550293,1.6667267084121704,1.0018954277038574,0.9981045722961426,1.2027204036712646,1.177292823791504,1.951220154762268,2.1129953861236572,1.2995444536209106,1.5367655754089355,2.3363146781921387,0.6642637252807617,1.1946645975112915,1.3168894052505493,0.7692926526069641,0.9592235088348389,0.6998573541641235,0.9920390844345093,0.9283853769302368,1.0940665006637573,0.5220844745635986,0.3278459310531616
T_POSE,0.5248203873634338,0.807998538017273,1.5104095935821533,1.79397451877594,1.090748906135559,0.9092511534690857,0.7736742496490479,1.0043128728866577,1.592315673828125,1.7480334043502808,1.2998645305633545,1.2279046773910522,2.312103509902954,0.7110198736190796,1.2364095449447632,1.2934759855270386,0.8675081133842468,0.7642335295677185,0.6662028431892395,0.9990425705909729,1.3213894367218018,0.9378032088279724,0.40217387676239014,0.36989763379096985
T_POSE,0.7251494526863098,0.5682405829429626,1.7704473733901978,1.5670305490493774,1.0337605476379395,0.9662395119667053,0.8386726975440979,0.9263961911201477,1.849536657333374,2.0760388374328613,1.4237581491470337,0.9248341917991638,2.2903780937194824,0.782416582107544,1.348779559135437,1.3032829761505127,1.0491969585418701,1.1553629636764526,0.7758609652519226,1.053944706916809,1.1478757858276367,1.071555733680725,0.4604957103729248,0.4472454786300659
T_POSE,0.7604944109916687,0.7453638315200806,1.6682188510894775,1.5877659320831299,0.9149882197380066,1.0850117206573486,0.8128141760826111,0.8171776533126831,1.9028151035308838,1.6519023180007935,1.0765210390090942,1.0995420217514038,2.308772325515747,0.8180618286132812,1.3604644536972046,1.280745029449463,1.0976089239120483,0.9040478467941284,0.7705331444740295,0.9407539963722229,0.695263147354126,1.036302089691162,0.42498859763145447,0.4659276604652405
T_POSE,1.1334184408187866,1.091680884361267,2.131915330886841,2.091843366622925,0.7832474708557129,1.216752529144287,1.4892842769622803,1.311521053314209,2.4837703704833984,2.2021093368530273,1.420419692993164,1.482881784439087,3.20139217376709,0.5311986804008484,1.7918410301208496,1.7908198833465576,1.0414880514144897,1.0922269821166992,0.9794974327087402,1.0247405767440796,0.9978156089782715,1.233909010887146,0.35596752166748047,0.392840176820755
T_POSE,0.8338912129402161,0.931692898273468,1.472171664237976,1.6167287826538086,1.096350908279419,0.9036491513252258,1.035444974899292,1.1377794742584229,2.0796921253204346,2.0320475101470947,1.125327706336975,1.2309893369674683,2.3981947898864746,0.9581880569458008,1.3933207988739014,1.1001574993133545,1.0543737411499023,0.9045355916023254,0.7580010294914246,0.6899147033691406,1.132572054862976,1.047291874885559,0.6424187421798706,0.47802212834358215
T_POSE,0.524310290813446,0.7834386825561523,1.614845871925354,1.8255596160888672,0.9862279891967773,1.0137720108032227,0.8155316114425659,0.7738528847694397,2.1371936798095703,2.008017063140869,1.3091715574264526,1.3846303224563599,2.3197224140167236,0.9797882437705994,1.008847951889038,1.509345293045044,1.3510383367538452,1.2392232418060303,1.0804319381713867,1.1062819957733154,1.375425934791565,1.267116665840149,0.5267024636268616,0.47023332118988037
T_POSE,0.7467352151870728,0.8278558254241943,1.5886825323104858,1.6737725734710693,0.9289181232452393,1.0710817575454712,0.9762298464775085,0.8532320261001587,1.8409866094589233,1.4937653541564941,1.0539170503616333,1.3203479051589966,2.405146837234497,0.8869098424911499,1.3819351196289062,1.2707462310791016,0.8737121224403381,0.9623165726661682,0.967519998550415,0.8690036535263062,0.865804135799408,1.06708824634552,0.4567917585372925,0.4170198142528534
T_POSE,1.036157250404358,0.7808883786201477,2.1243906021118164,1.8845192193984985,1.2035480737686157,0.796451985836029,1.4705557823181152,1.2877954244613647,2.1705305576324463,2.4276695251464844,1.2961640357971191,1.255252718925476,2.8868250846862793,0.928870677947998,1.6871494054794312,1.5329208374023438,0.7137451171875,1.2543495893478394,1.2950509786605835,1.158301830291748,1.44810950756073,1.1258453130722046,0.6557122468948364,0.417695552110672
T_POSE,0.4415682852268219,0.7185089588165283,1.7489292621612549,2.105283260345459,1.2013745307922363,0.7986255288124084,1.3295676708221436,1.3541662693023682,2.469928741455078,2.4949841499328613,1.16531503200531,0.9235352277755737,2.4578113555908203,0.9471087455749512,1.2490473985671997,1.6380629539489746,1.1413533687591553,1.166533350944519,1.2906017303466797,1.4033904075622559,1.1234427690505981,1.2524913549423218,0.3148415982723236,0.6898600459098816
T_POSE,0.8992351293563843,0.8131705522537231,1.7992063760757446,1.6880066394805908,1.031599760055542,0.9684003591537476,1.3380451202392578,1.0792953968048096,2.018731117248535,1.961059808731079,1.5339713096618652,1.2608736753463745,2.586059093475342,0.6020058989524841,1.4851161241531372,1.2396620512008667,0.7806925177574158,0.9170616269111633,0.6683627963066101,0.9025657773017883,1.3014003038406372,1.0475900173187256,0.6194887161254883,0.6448981761932373
T_POSE,0.7340139150619507,0.8120839595794678,1.610367774963379,1.691390872001648,0.9564635753631592,1.0435364246368408,0.8151229023933411,0.8095620274543762,1.8500518798828125,1.7508963346481323,1.3396131992340088,1.33916437625885,2.4128968715667725,0.8836341500282288,1.3528913259506226,1.3820558786392212,1.0390818119049072,1.0131149291992188,0.7076524496078491,0.8928077816963196,0.9588624238967896,1.2100939750671387,0.21306534111499786,0.420450359582901
T_POSE,0.5330878496170044,0.6446118354797363,1.501815915107727,1.626298427581787,0.8023762106895447,1.1976238489151,0.9353004693984985,0.7315329313278198,1.9891270399093628,1.8234766721725464,1.1322630643844604,1.3787587881088257,2.1181752681732178,0.7730699777603149,1.3502110242843628,1.1711243391036987,1.070009708404541,1.1083343029022217,0.6689329147338867,1.0450466871261597,1.0969756841659546,1.0558571815490723,0.6998135447502136,0.4144291579723358
T_POSE,0.9005686640739441,0.9784525632858276,1.7918386459350586,1.876249074935913,0.8752297163009644,1.1247702836990356,0.9937626123428345,0.9589641094207764,1.9382001161575317,1.8287464380264282,1.5654233694076538,1.5632603168487549,2.7530324459075928,0.5585209727287292,1.3402248620986938,1.582979679107666,0.9539146423339844,0.9009552597999573,0.6309736371040344,0.9230402112007141,1.0828111171722412,1.0777226686477661,0.5504835844039917,0.419730544090271
T_POSE,0.8644658923149109,0.4855925440788269,1.9556127786636353,1.5078558921813965,0.9819362163543701,1.0180637836456299,0.9571573734283447,1.221306324005127,1.8254718780517578,2.079432249069214,1.1599162817001343,1.1235451698303223,2.354604482650757,0.6898259520530701,1.7631994485855103,1.2797138690948486,0.8743380904197693,0.8919817805290222,0.788523256778717,1.0998210906982422,0.9394389986991882,0.9079580307006836,0.33965885639190674,0.29437920451164246
T_POSE,0.7623494267463684,0.6592203974723816,1.62990403175354,1.4797834157943726,0.9808915853500366,1.0191084146499634,0.7712079286575317,1.0305291414260864,1.5063320398330688,1.803493618965149,1.3106307983398438,1.0520631074905396,2.234253168106079,0.65436851978302,1.1694210767745972,1.3032079935073853,0.7372176647186279,0.7859842777252197,0.6707782745361328,0.8699430823326111,1.036975622177124,1.0593055486679077,0.29342547059059143,0.32757851481437683
T_POSE,1.0346113443374634,0.9785062074661255,1.9136601686477661,1.8419702053070068,1.1807430982589722,0.8192568421363831,0.9973438382148743,1.4135804176330566,2.1154143810272217,2.3444576263427734,1.7499430179595947,1.271605134010315,2.8556458950042725,0.6769267916679382,1.4014078378677368,1.725053071975708,1.1644636392593384,1.0019111633300781,0.956152081489563,0.9005757570266724,1.582368016242981,1.1227949857711792,0.7208143472671509,0.5942635536193848
T_POSE,1.2617578506469727,1.0802861452102661,2.846161365509033,2.5886874198913574,1.0306476354599,0.9693524241447449,1.710145354270935,1.2466025352478027,3.1266636848449707,2.9320905208587646,1.9534449577331543,1.6914708614349365,3.8292183876037598,1.0487421751022339,2.157514810562134,2.274923324584961,1.5168437957763672,1.7099868059158325,1.210677146911621,1.6196800470352173,1.3426231145858765,1.46307373046875,0.6152466535568237,0.554040253162384
T_POSE,1.0013165473937988,0.9327059984207153,1.7943766117095947,1.747594952583313,1.0479564666748047,0.9520434737205505,0.8625971674919128,1.037361979484558,1.7189035415649414,1.852708339691162,1.6739307641983032,1.5306224822998047,2.6678404808044434,0.668271005153656,1.4090279340744019,1.6212985515594482,0.8591952323913574,0.8300433158874512,0.5136244297027588,0.8285537958145142,1.1281465291976929,1.2406162023544312,0.4416112005710602,0.519181489944458
T_POSE,0.7892526984214783,0.5743054151535034,1.4982330799102783,1.3162436485290527,0.997547447681427,1.0024524927139282,0.6157667636871338,0.6850451231002808,1.6147021055221558,1.4758985042572021,1.095438838005066,1.0730949640274048,2.036010980606079,0.5846044421195984,1.3057700395584106,1.0187220573425293,1.0033278465270996,0.8207837343215942,0.6359420418739319,0.7521937489509583,0.6929969787597656,0.7400086522102356,0.3168919086456299,0.406795859336853
T_POSE,0.8641649484634399,0.9269898533821106,1.8142181634902954,1.8940184116363525,0.9382776618003845,1.0617222785949707,1.123841404914856,1.1237828731536865,2.114403247833252,2.080387592315674,1.276132345199585,1.70399808883667,2.7154042720794678,0.8987498879432678,1.547324538230896,1.7168534994125366,1.068446397781372,1.0033358335494995,0.9267383813858032,0.9719917178153992,1.4186646938323975,1.2588176727294922,0.7193841934204102,0.4187481701374054
T_POSE,1.1741268634796143,0.873661994934082,2.2081682682037354,1.933878779411316,1.0775569677352905,0.9224429726600647,0.9669867753982544,1.3340157270431519,2.2838551998138428,2.510585308074951,1.679811954498291,1.5122116804122925,3.0357162952423096,0.927699089050293,1.7897058725357056,1.5760324001312256,1.3493850231170654,1.1981852054595947,0.9042089581489563,1.1015715599060059,1.5285186767578125,1.4879711866378784,0.8602614998817444,0.8095002174377441
T_POSE,0.4161489009857178,0.5315097570419312,1.4443209171295166,1.5850825309753418,1.0678151845932007,0.9321848154067993,0.9697640538215637,0.6953509449958801,1.6582250595092773,1.647839069366455,1.1010563373565674,1.1361716985702515,1.9696382284164429,0.8158795833587646,1.1252504587173462,1.126605749130249,0.7243293523788452,0.9807760119438171,0.6920709013938904,1.066836953163147,1.053656816482544,0.8777124881744385,0.12122347950935364,0.3373348116874695
T_POSE,0.7584789395332336,0.5879279971122742,1.8751643896102905,1.705609917640686,0.9144819974899292,1.0855180025100708,0.7644712328910828,0.9025571346282959,1.7899188995361328,1.7335200309753418,1.2625060081481934,1.3841608762741089,2.446227550506592,0.5533081889152527,1.231012225151062,1.3587397336959839,1.0952211618423462,0.9022121429443359,0.47572776675224304,1.1290918588638306,1.0680521726608276,0.9153640270233154,0.4123728275299072,0.22217057645320892
T_POSE,0.9592991471290588,0.690350353717804,2.4423422813415527,2.1092543601989746,1.057242751121521,0.9427573084831238,1.1043843030929565,1.3222426176071167,2.4811272621154785,2.2786073684692383,1.5275492668151855,1.4767463207244873,3.0503439903259277,0.9638631939888,1.695237398147583,1.6375362873077393,1.4473670721054077,1.0126787424087524,1.1026345491409302,1.5050917863845825,1.176751971244812,1.3028464317321777,0.19678868353366852,0.5235363245010376
T_POSE,0.7177686095237732,0.9037353992462158,1.4076106548309326,1.7611370086669922,1.0512096881866455,0.9487902522087097,0.7175105214118958,1.0073590278625488,1.9292627573013306,1.8507349491119385,1.2873657941818237,1.3579959869384766,2.303983449935913,0.6310061812400818,1.0872727632522583,1.3788663148880005,1.2359049320220947,0.846519410610199,0.8883081078529358,0.9458975195884705,1.3553475141525269,0.9881473183631897,0.623969554901123,0.41956108808517456
T_POSE,0.7814899682998657,0.4203702211380005,1.6788463592529297,1.2508883476257324,1.070737600326538,0.9292623400688171,0.8693791627883911,0.711448609828949,1.7622401714324951,1.5527527332305908,1.355439305305481,0.9501928687095642,2.010908842086792,0.46548619866371155,1.53598952293396,1.1227747201919556,0.9729698896408081,0.8576022386550903,0.6877251267433167,0.9124118089675903,1.0667273998260498,1.0092852115631104,0.2659968435764313,0.246653750538826
T_POSE,0.6485610008239746,0.6070635914802551,1.9092342853546143,1.8675638437271118,1.0104840993881226,0.9895158410072327,1.2557011842727661,1.0967272520065308,2.4613161087036133,2.0698390007019043,1.3130964040756226,1.1961613893508911,2.49642014503479,0.9354004263877869,1.420224905014038,1.5153381824493408,1.2865010499954224,1.0021313428878784,0.9866383075714111,1.277451515197754,0.8555687665939331,1.2189748287200928,0.6067022681236267,0.5570157170295715
T_POSE,0.7587750554084778,0.8334527611732483,1.6636488437652588,1.7728253602981567,1.0347999334335327,0.9652000069618225,0.5329577922821045,0.847640335559845,1.7898821830749512,1.9805541038513184,1.4036459922790527,1.3948168754577637,2.4964792728424072,0.5958149433135986,1.4973890781402588,1.2992911338806152,1.285046935081482,1.147289514541626,0.7571876645088196,0.9527531862258911,1.33568274974823,1.1255295276641846,0.43354353308677673,0.406119167804718
T_POSE,0.6477097868919373,0.5873482823371887,1.8155581951141357,1.723968267440796,1.0579710006713867,0.9420289397239685,0.7268795371055603,0.9358075857162476,1.7704814672470093,2.153903007507324,1.395551323890686,1.0487449169158936,2.34745192527771,0.9494324326515198,1.4908525943756104,0.977668046951294,1.0768002271652222,1.292799711227417,0.8330121040344238,1.198115348815918,1.019653081893921,0.7927326560020447,0.05686463043093681,0.5356589555740356
T_POSE,0.7233562469482422,0.5963106751441956,1.6191045045852661,1.5298749208450317,1.0267137289047241,0.9732862710952759,0.6613104939460754,0.6984233260154724,1.42292058467865,1.5795968770980835,1.165822982788086,1.1328575611114502,2.199838399887085,0.5894597768783569,1.4086412191390991,1.1332075595855713,0.7624856233596802,0.9983407855033875,0.6405044794082642,0.9352704882621765,1.3237720727920532,1.0637314319610596,0.4082772731781006,0.2603652775287628
T_POSE,0.728370726108551,0.6442952752113342,1.5244674682617188,1.5228193998336792,1.061570644378662,0.9384293556213379,0.8763900399208069,0.90976881980896,1.7130578756332397,1.7192070484161377,0.9536575675010681,1.0062211751937866,2.074427366256714,0.8582775592803955,1.2219135761260986,1.2217671871185303,0.8536884784698486,0.8435697555541992,0.6350528597831726,0.9069207310676575,0.9929141402244568,0.9536200761795044,0.5482372641563416,0.22387109696865082
T_POSE,0.456532746553421,0.5627034306526184,1.596881628036499,1.7188199758529663,1.0142741203308105,0.9857259392738342,1.1318894624710083,0.9730067253112793,1.8973802328109741,1.8470089435577393,1.1283797025680542,0.9148443341255188,2.1333119869232178,0.7688941359519958,1.5951740741729736,1.1986411809921265,0.7910491824150085,0.882392406463623,0.9713137745857239,1.167323350906372,1.0627158880233765,1.1364703178405762,0.360844224691391,0.3984001576900482
T_POSE,0.7345466017723083,0.7865557670593262,2.1435599327087402,2.2475931644439697,0.7939574718475342,1.2060425281524658,2.0162038803100586,1.1025975942611694,2.7126176357269287,2.9243545532226562,1.4459768533706665,1.585644245147705,2.892395257949829,1.2322580814361572,1.6257888078689575,1.9321905374526978,0.7405480742454529,1.9564480781555176,1.112708568572998,1.472208023071289,1.5115412473678589,1.9734400510787964,0.7710772752761841,0.899181067943573
T_POSE,1.3827786445617676,0.9990355968475342,2.6886701583862305,2.323390483856201,0.9757142663002014,1.0242855548858643,1.6289117336273193,1.6649646759033203,2.54487681388855,2.906121253967285,2.04064679145813,1.4178889989852905,3.610175848007202,1.0324147939682007,1.7637741565704346,2.147122859954834,0.9353861212730408,1.2651532888412476,1.2937331199645996,1.4047832489013672,1.4315987825393677,1.2625577449798584,0.5183983445167542,0.5462093949317932
T_POSE,0.6243917942047119,1.0912654399871826,1.3635786771774292,1.8214446306228638,1.0210145711898804,0.9789855480194092,0.8106098175048828,0.8678756356239319,1.4601885080337524,1.8049023151397705,1.2382259368896484,1.254371166229248,2.4409689903259277,0.6536692976951599,1.0885587930679321,1.521109700202942,0.6600068807601929,0.9445360898971558,0.8874075412750244,0.7530866265296936,1.1176025867462158,0.8539779782295227,0.2996818423271179,0.49147894978523254
T_POSE,0.5396391749382019,0.6386746168136597,1.4136813879013062,1.5602946281433105,0.880495011806488,1.1195050477981567,0.6968942880630493,0.8012292385101318,1.8077753782272339,1.682761311531067,1.1577633619308472,1.3468064069747925,2.047013998031616,0.5878632664680481,1.0086231231689453,1.2129110097885132,1.118793249130249,0.9509347677230835,0.7160135507583618,0.9470890164375305,0.8023253679275513,0.9796715974807739,0.1907232105731964,0.40211859345436096
T_POSE,0.535304069519043,0.7722125053405762,1.6857041120529175,1.865573525428772,1.1505522727966309,0.8494477272033691,0.9039472937583923,1.1002088785171509,1.9192123413085938,1.8384076356887817,1.385090947151184,1.3963302373886108,2.3988115787506104,0.5225403904914856,1.3836596012115479,1.0768464803695679,1.0543012619018555,0.7552483677864075,0.7696977257728577,1.1531177759170532,0.9828476905822754,0.8619498014450073,0.3302591145038605,0.11507075279951096
T_POSE,0.8439316749572754,0.684093177318573,1.5801821947097778,1.4458547830581665,1.0909473896026611,0.9090525507926941,0.8510843515396118,0.5943043231964111,1.8236688375473022,1.6737226247787476,1.4933264255523682,1.1071358919143677,2.2503254413604736,0.7540152072906494,1.1760016679763794,1.159861445426941,1.0144052505493164,1.1450780630111694,0.6303598880767822,0.8102684020996094,0.9834225177764893,0.9869430065155029,0.42691630125045776,0.37327152490615845
T_POSE,0.6135992407798767,0.6163768172264099,1.6029030084609985,1.5668295621871948,0.9023445844650269,1.0976554155349731,1.0186283588409424,0.6952454447746277,1.8556147813796997,1.6451162099838257,1.1400351524353027,1.45878005027771,2.180426597595215,0.468292236328125,1.2145766019821167,1.2160401344299316,0.8931704759597778,0.9570239186286926,0.812401294708252,0.9956246614456177,0.9984579086303711,1.1598460674285889,0.49871158599853516,0.14135180413722992
T_POSE,0.8123021721839905,0.7284874320030212,1.6893134117126465,1.5664422512054443,1.1287882328033447,0.8712117671966553,0.6643667221069336,1.2548171281814575,1.618753433227539,1.850856065750122,1.0846706628799438,1.1830662488937378,2.3550679683685303,1.1233735084533691,1.6282016038894653,1.3697675466537476,0.9812400937080383,0.6574385166168213,0.9185699820518494,0.9263929724693298,1.2945730686187744,1.1239619255065918,0.565652072429657,0.6027330756187439
T_POSE,0.5767666101455688,0.6924522519111633,1.4871598482131958,1.5811604261398315,1.0189261436462402,0.9810738563537598,0.7794168591499329,0.7232975363731384,1.3242632150650024,1.8528112173080444,1.1645722389221191,1.2593331336975098,2.157031774520874,0.6198026537895203,1.2514728307724,1.2898280620574951,0.5779023170471191,1.2157906293869019,0.6981409192085266,0.916337251663208,1.229539155960083,0.7972009778022766,0.5789744257926941,0.3894643783569336
